position,standort,cluster,positionsart,anlagentyp,naben_oder_messhoehe_m,rotordurchmesser_m,ostwert_utm32_m,nordwert_utm32_m,rix_prozent,gelaendehoehe_dgm_m,betriebsbeginn,betriebsende,beobachtungsbeginn,beobachtungsende
AS-P001,Alpen-Sevelen,AS-01,WEA,E-66/18.70-1.800,98.0,70.0,324155.0,5720302.0,3.37,23.83416175842285,2002-12-18,,2002-12-13,2022-05-17
AS-P002,Alpen-Sevelen,AS-01,WEA,E-66/18.70-1.800,98.0,70.0,324311.0,5720078.0,2.61,24.03838348388672,2002-12-18,,2002-12-13,2022-05-17
AS-P003,Alpen-Sevelen,AS-01,WEA,E-66/18.70-1.800,98.0,70.0,324461.0,5719835.0,2.35,24.16411018371582,2002-12-12,,2002-12-13,2022-05-17
AS-P004,Alpen-Sevelen,AS-02,WEA,E-82 E2-2.300,108.0,82.0,330758.0,5722857.0,1.5,18.727537155151367,2011-12-07,,2015-01-01,2022-05-17
AS-P005,Alpen-Sevelen,AS-02,WEA,E-82 E2-2.300,108.0,82.0,330827.0,5721765.0,1.48,19.015655517578125,2011-12-02,,2015-01-01,2022-05-17
AS-P006,Alpen-Sevelen,AS-03,WEA,E-126 EP3-4.000,135.0,127.0,316694.0,5706541.0,0.02,29.081727981567383,2021-07-01,,2021-08-05,2022-10-31
AS-P007,Alpen-Sevelen,AS-03,WEA,E-126 EP3-4.000,135.0,127.0,317662.0,5706554.0,0.02,29.326629638671875,2021-07-09,,2021-08-05,2022-10-31
AS-P008,Alpen-Sevelen,AS-04,WEA,E-115 TES-3.000,135.4,115.7,319323.0,5708012.0,0.01,30.430871963500977,2018-03-09,,2018-03-10,2020-11-24
AS-P009,Alpen-Sevelen,AS-04,WEA,E-115 TES-3.000,135.4,115.7,319613.0,5707842.0,0.0,30.80193328857422,2018-02-23,,2018-02-23,2020-11-24
AS-P010,Alpen-Sevelen,AS-04,WEA,E-115 TES-3.000,135.4,115.7,319818.0,5707407.0,0.01,31.11543083190918,2018-03-28,,2018-03-29,2020-11-24
AS-P011,Alpen-Sevelen,AS-04,WEA,E-115 TES-3.000,135.4,115.7,319433.0,5707485.0,0.02,30.6063232421875,2018-03-21,,2018-04-05,2020-11-24
AS-P012,Alpen-Sevelen,AS-05,WEA,E-115 TES-3.000,149.0,115.7,322668.0,5706873.0,2.8,37.1143913269043,2017-12-20,,2018-01-15,2020-11-24
AS-P013,Alpen-Sevelen,AS-05,WEA,E-115 TES-3.000,149.0,115.7,323031.0,5706760.0,3.6,38.19124221801758,2017-12-28,,2018-02-02,2020-11-24
AS-P014,Alpen-Sevelen,AS-05,WEA,E-115 TES-3.000,149.0,115.7,323424.0,5706680.0,4.81,42.0253791809082,2018-03-06,,2018-03-08,2020-11-24
AS-P015,Alpen-Sevelen,AS-06,WEA,E-115 TES-3.000,149.0,115.7,321956.0,5705588.0,3.31,35.70262908935547,2018-03-14,,2018-04-20,2020-11-24
AM-P001,Altenmellrich,AM-01,WEA,E-58/10.58-1.000,70.5,58.6,443204.0,5707450.0,32.57,256.9423217773437,2002-06-28,,2014-10-02,2026-08-04
AM-P002,Altenmellrich,AM-01,WEA,E-58/10.58-1.000,70.5,58.6,443073.0,5707783.0,31.39,243.0348052978516,2004-10-08,,2014-10-02,2026-08-04
AM-P003,Altenmellrich,AM-01,WEA,"E-70 E4 2,3 MW-2.300",64.0,71.0,443311.0,5707754.0,31.37,252.1534423828125,2014-07-30,,2014-08-05,2026-08-04
AM-P004,Altenmellrich,AM-01,WEA,E-58/10.58-1.000,70.5,58.6,443602.0,5707747.0,31.93,254.0000915527344,2002-03-14,,2014-08-05,2026-08-04
AM-P005,Altenmellrich,AM-02,WEA,E-58/10.58-1.000,70.5,58.6,444128.0,5706470.0,33.49,290.1876525878906,2002-12-10,,2018-01-01,2026-08-04
AM-P006,Altenmellrich,AM-02,WEA,E-66/18.70-1.800,65.0,70.0,444135.0,5706710.0,34.47,282.4601745605469,2003-08-15,,2018-01-01,2026-08-04
AM-P007,Altenmellrich,AM-03,WEA,E-58/10.58-1.000,70.5,58.6,447671.0,5707657.0,35.75,264.9203491210937,2003-02-20,,2018-11-28,2026-08-05
AM-P008,Altenmellrich,AM-03,WEA,E-70 E4-2.000,64.0,71.0,449657.0,5707828.0,42.49,290.1129455566406,2007-10-15,,2016-01-01,2025-12-31
AM-P009,Altenmellrich,AM-03,WEA,E-70 E4-2.300,64.0,71.0,449416.0,5708361.0,40.82,265.7392883300781,2007-10-15,,2016-01-01,2025-12-31
AM-P010,Altenmellrich,AM-04,WEA,"E-70 E4 2,3 MW-2.300",64.0,71.0,453848.0,5706522.0,31.58,330.8287658691406,2007-11-12,,2017-01-01,2026-08-04
BB-P001,Bad Berleburg,BB-01,LiDAR,,165.0,,445679.0,5652988.0,72.34,584.6337280273438,,,2023-12-11,2025-04-16
BB-P002,Bad Berleburg,BB-02,LiDAR,,165.0,,447968.0,5657594.0,70.88,620.0777587890625,,,2024-01-23,2024-07-25
BB-P003,Bad Berleburg,BB-03,LiDAR,,165.0,,450134.0,5654053.0,70.21,547.5995483398438,,,2024-10-11,2025-04-16
BB-P004,Bad Berleburg,BB-04,LiDAR,,165.0,,451558.0,5656674.0,71.45,556.6530151367188,,,2023-06-29,2024-07-02
BB-P005,Bad Berleburg,BB-05,LiDAR,,165.0,,454119.0,5657598.0,74.76,587.6893920898438,,,2024-07-25,2025-01-28
BB-P006,Bad Berleburg,BB-06,LiDAR,,165.0,,456751.0,5658671.0,73.0,554.3344116210938,,,2023-12-11,2025-01-28
BB-P007,Bad Berleburg,BB-07,LiDAR,,165.0,,459165.0,5660761.0,75.86,656.0676879882812,,,2024-06-06,2024-12-12
BC-P001,Borken-Coesfeld,BC-01,WEA,GE 3.2-130-3.200,134.0,130.0,368262.0,5763748.0,0.0,71.08257293701172,2017-07-27,,2017-08-01,2023-07-21
BC-P002,Borken-Coesfeld,BC-01,WEA,GE 3.2-130-3.200,134.0,130.0,368918.0,5763859.0,0.0,73.89710235595703,2017-06-30,,2017-08-01,2023-07-21
BC-P003,Borken-Coesfeld,BC-01,WEA,GE 3.2-130-3.200,134.0,130.0,369252.0,5763670.0,0.11,77.13795471191406,2017-07-14,,2017-08-01,2023-07-21
BC-P004,Borken-Coesfeld,BC-02,WEA,N131/3300 DE-3.300,134.0,131.0,374102.0,5762874.0,1.25,115.9549331665039,2017-05-22,,2017-05-22,2023-06-29
BC-P005,Borken-Coesfeld,BC-02,WEA,N131/3300 DE-3.300,134.0,131.0,374597.0,5763378.0,1.6,101.1786651611328,2017-05-31,,2017-05-31,2023-06-29
BC-P006,Borken-Coesfeld,BC-03,WEA,E-115-3.000,149.0,115.7,357349.0,5739959.0,0.53,62.05717468261719,2017-09-07,,2022-01-01,2025-03-14
BC-P007,Borken-Coesfeld,BC-03,WEA,E-115-3.000,149.0,115.7,357170.0,5738925.0,0.32,57.2374267578125,2017-09-15,,2022-01-01,2025-03-14
BC-P008,Borken-Coesfeld,BC-04,WEA,E-138 EP3 E2-4.200,160.0,138.3,360503.0,5740167.0,2.54,76.67728424072266,2022-01-13,,2022-01-01,2025-03-14
BC-P009,Borken-Coesfeld,BC-04,WEA,E-138 EP3 E2-4.200,160.0,138.3,360811.0,5739896.0,2.8,79.91767883300781,2022-01-25,,2022-01-17,2025-03-14
BC-P010,Borken-Coesfeld,BC-04,WEA,E-138 EP3 E2-4.200,160.0,138.3,360246.0,5739596.0,2.59,73.8098373413086,2021-12-22,,2022-01-01,2025-03-14
BC-P011,Borken-Coesfeld,BC-04,WEA,E-115-3.000,149.0,115.7,359803.0,5739923.0,2.2,76.14252471923828,2017-09-02,,2022-01-01,2025-03-14
BC-P012,Borken-Coesfeld,BC-04,WEA,E-115-3.000,149.0,115.7,359744.0,5739425.0,2.31,74.71238708496094,2017-09-11,,2022-01-01,2025-03-14
BC-P013,Borken-Coesfeld,BC-04,WEA,E-115-3.000,149.0,115.7,359532.0,5738891.0,2.42,71.8348388671875,2017-09-20,,2022-01-01,2025-03-14
BC-P014,Borken-Coesfeld,BC-05,WEA,E-115-3.000,149.0,115.7,362086.0,5744618.0,6.98,88.56501007080078,2017-08-31,,2022-01-01,2025-03-14
BC-P015,Borken-Coesfeld,BC-05,WEA,E-115-3.000,149.0,115.7,362055.0,5744250.0,6.95,90.92752838134766,2017-09-07,,2022-01-01,2025-03-14
BC-P016,Borken-Coesfeld,BC-05,WEA,E-115-3.000,149.0,115.7,361964.0,5743810.0,7.44,94.25635528564452,2017-09-20,,2022-01-01,2025-03-14
BC-P017,Borken-Coesfeld,BC-06,WEA,SWT-DD-142-4.100,165.0,142.0,372821.0,5747336.0,0.27,58.39007568359375,2021-04-28,,2021-04-22,2023-04-30
BC-P018,Borken-Coesfeld,BC-06,WEA,SWT-DD-142-4.100,165.0,142.0,373211.0,5747172.0,0.29,57.61710357666016,2021-04-27,,2021-04-26,2023-04-30
BC-P019,Borken-Coesfeld,BC-06,WEA,SWT-DD-142-4.100,165.0,142.0,373641.0,5747623.0,0.43,58.747520446777344,2021-03-03,,2021-02-22,2022-10-31
BC-P020,Borken-Coesfeld,BC-06,WEA,SWT-DD-142-4.100,165.0,142.0,373826.0,5747319.0,0.64,58.42103958129883,2021-03-16,,2021-02-22,2023-04-30
LO-P001,Lorup,LO-01,WEA,E-115 TES-3.000,149.0,115.7,409202.0,5869874.0,1.43,9.762999534606934,2017-12-20,,2018-01-01,2022-06-15
LO-P002,Lorup,LO-01,WEA,E-115 TES-3.000,149.0,115.7,409369.0,5869528.0,1.18,10.361000061035156,2017-12-29,,2018-01-10,2022-06-15
LO-P003,Lorup,LO-01,WEA,E-115 TES-3.000,149.0,115.7,409532.0,5869220.0,0.88,10.993000030517578,2017-12-29,,2018-01-19,2022-06-15
LO-P004,Lorup,LO-01,WEA,E-115 TES-3.000,149.0,115.7,410648.0,5870066.0,0.46,10.710000038146973,2017-12-20,,2018-01-01,2022-06-15
LO-P005,Lorup,LO-02,WEA,E-141 EP4-4.200,159.0,141.0,404772.0,5863758.0,1.2,20.190000534057617,2018-02-09,,2018-02-19,2024-12-31
LO-P006,Lorup,LO-02,WEA,E-141 EP4-4.200,159.0,141.0,405222.0,5863749.0,1.22,20.55699920654297,2018-03-29,,2018-04-11,2024-12-31
LO-P007,Lorup,LO-02,WEA,E-141 EP4-4.200,159.0,141.0,404877.0,5864165.0,1.28,19.097000122070312,2018-03-15,,2018-04-06,2024-12-31
LO-P008,Lorup,LO-02,WEA,E-141 EP4-4.200,159.0,141.0,405322.0,5864174.0,1.6,20.16900062561035,2018-03-29,,2018-04-06,2024-12-31
LO-P009,Lorup,LO-02,WEA,E-141 EP4-4.200,159.0,141.0,404977.0,5864582.0,1.46,18.253999710083008,2018-02-26,,2018-03-11,2024-12-31
LO-P010,Lorup,LO-02,WEA,E-141 EP4-4.200,159.0,141.0,405424.0,5864595.0,1.49,18.96199989318848,2018-03-28,,2018-04-24,2024-12-31
LO-P011,Lorup,LO-02,WEA,E-141 EP4-4.200,159.0,141.0,405169.0,5864961.0,1.75,17.007999420166016,2018-03-22,,2018-04-25,2024-12-31
LO-P012,Lorup,LO-02,WEA,E-141 EP4-4.200,159.0,141.0,405646.0,5864972.0,2.01,17.78700065612793,2018-05-17,,2018-05-25,2024-12-31
LO-P013,Lorup,LO-02,WEA,E-141 EP4-4.200,159.0,141.0,405432.0,5865349.0,1.93,16.891000747680664,2018-03-08,,2018-04-26,2024-12-31
LO-P014,Lorup,LO-02,WEA,E-141 EP4-4.200,159.0,141.0,406093.0,5864920.0,1.98,18.43000030517578,2018-05-25,,2018-09-07,2024-12-31
LO-P015,Lorup,LO-02,WEA,E-141 EP4-4.200,159.0,141.0,406368.0,5865265.0,2.54,18.31399917602539,2018-06-09,,2020-05-15,2024-12-31
LO-P016,Lorup,LO-02,WEA,E-141 EP4-4.200,159.0,141.0,406634.0,5865628.0,2.85,17.76099967956543,2018-06-22,,2018-12-21,2024-12-31
LO-P017,Lorup,LO-02,WEA,E-141 EP4-4.200,159.0,141.0,406150.0,5865748.0,2.18,16.398000717163086,2018-06-20,,2019-11-25,2024-12-31
LO-P018,Lorup,LO-02,WEA,E-141 EP4-4.200,159.0,141.0,406765.0,5866059.0,2.65,16.292999267578125,2018-06-26,,2018-12-03,2024-12-31
LO-P019,Lorup,LO-03,WEA,E-141 EP4-4.200,129.0,141.0,410280.0,5863069.0,1.06,27.511999130249023,2017-06-30,,2017-07-27,2024-12-31
LO-P020,Lorup,LO-03,WEA,E-141 EP4-4.200,129.0,141.0,410726.0,5863132.0,0.62,27.18199920654297,2017-08-29,,2017-09-15,2024-12-31
LO-P021,Lorup,LO-03,WEA,E-141 EP4-4.200,129.0,141.0,410897.0,5863603.0,0.45,26.46500015258789,2018-11-12,,2018-11-12,2024-12-31
LO-P022,Lorup,LO-03,WEA,E-141 EP4-4.200,129.0,141.0,411314.0,5863930.0,0.57,33.29800033569336,2017-09-29,,2017-11-09,2024-12-31
LO-P023,Lorup,LO-03,WEA,E-82 E2-2.300,138.4,82.0,410924.0,5864021.0,0.62,26.652000427246094,2018-12-13,,2018-12-13,2024-12-31
OF-P001,Ostfriesland,OF-01,WEA,E-101-3.050,135.4,101.0,395510.0,5943845.0,0.0,0.7870000004768372,2016-12-29,,2019-01-02,2023-12-31
OF-P002,Ostfriesland,OF-01,WEA,E-101-3.050,135.4,101.0,395441.0,5943548.0,0.0,0.515999972820282,2016-12-29,,2019-01-02,2023-12-31
OF-P003,Ostfriesland,OF-02,WEA,E-101-3.050,99.0,101.0,400555.0,5944485.0,0.0,1.1720000505447388,2014-12-11,,2014-12-11,2023-01-24
OF-P004,Ostfriesland,OF-02,WEA,E-101-3.050,99.0,101.0,400158.0,5944759.0,0.0,1.059000015258789,2015-08-31,,2015-08-28,2023-12-04
OF-P005,Ostfriesland,OF-03,WEA,E-70 E4-2.000,85.0,71.0,420831.0,5947573.0,0.0,1.3739999532699585,2005-07-27,,2020-01-01,2025-03-31
OF-P006,Ostfriesland,OF-03,WEA,E-70 E4-2.000,85.0,71.0,421094.0,5947445.0,0.0,1.6089999675750732,2005-07-21,,2020-01-01,2025-03-31
OF-P007,Ostfriesland,OF-03,WEA,E-70 E4-2.000,85.0,71.0,421097.0,5947156.0,0.0,1.340999960899353,2005-07-29,,2020-01-01,2025-03-31
OF-P008,Ostfriesland,OF-03,WEA,E-70 E4-2.000,85.0,71.0,421408.0,5947142.0,0.0,1.3329999446868896,2005-08-09,,2020-01-01,2025-03-31
OF-P009,Ostfriesland,OF-03,WEA,E-70 E4-2.000,85.0,71.0,421688.0,5947139.0,0.0,0.8740000128746033,2005-08-12,,2020-01-01,2025-03-31
OF-P010,Ostfriesland,OF-03,WEA,E-70 E4-2.000,85.0,71.0,421718.0,5947462.0,0.0,1.465000033378601,2006-02-07,,2020-01-01,2025-03-31
OF-P011,Ostfriesland,OF-03,WEA,E-82 E2-2.300,108.4,82.0,421391.0,5947453.0,0.0,1.5889999866485596,2013-12-30,,2020-01-01,2025-03-31
OF-P012,Ostfriesland,OF-04,WEA,N117/3000-3.000,91.0,116.8,435622.0,5937556.0,0.0,1.963000059127808,2014-11-06,,2019-01-09,2025-07-31
OF-P013,Ostfriesland,OF-04,WEA,SWT-6.0-154-6.000,120.0,154.0,435908.0,5937125.0,0.0,2.306999921798706,2014-11-17,,2019-01-08,2025-07-31
OF-P014,Ostfriesland,OF-04,WEA,V112-3.000,119.0,112.0,435480.0,5937237.0,0.0,0.8560000061988831,2014-06-30,,2019-01-01,2025-07-31
PA-P001,Paderborn,PA-01,WEA,E-115 EP3 E3-4.200,149.0,115.7,491183.0,5740189.0,47.04,251.61233520507807,2022-12-21,,2023-06-30,2025-04-27
PA-P002,Paderborn,PA-01,WEA,E-115 EP3 E3-4.200,149.0,115.7,490847.0,5740298.0,42.41,238.14610290527344,2022-12-13,2024-05-01,2023-06-30,2025-04-27
PA-P003,Paderborn,PA-02,WEA,E-115-3.000,149.0,115.7,494242.0,5740762.0,68.66,389.7708740234375,2023-09-22,2024-04-10,2023-06-30,2025-04-27
PA-P004,Paderborn,PA-02,WEA,E-115-3.000,149.0,115.7,495472.0,5740729.0,61.89,394.8902282714844,2020-02-14,2024-04-10,2023-07-04,2025-04-27
PA-P005,Paderborn,PA-03,WEA,E-82 E2-2.300,138.4,82.0,495062.0,5731968.0,55.22,345.2251281738281,2013-11-11,,2015-05-31,2021-06-01
PA-P006,Paderborn,PA-04,WEA,E-115 TES-3.000,149.1,115.7,492148.0,5730417.0,44.81,336.3009338378906,2016-09-29,,2016-09-28,2021-05-01
PA-P007,Paderborn,PA-04,WEA,E-126 EP4 TES-4.200,135.0,127.0,488627.0,5730644.0,35.53,223.4385528564453,2017-07-10,,2017-07-31,2021-04-04
PA-P008,Paderborn,PA-04,WEA,E-126 EP4 TES-4.200,135.0,127.0,488615.0,5730294.0,35.4,229.19381713867188,2017-07-28,,2018-01-01,2021-04-07
PA-P009,Paderborn,PA-04,WEA,E-126 EP4 TES-4.200,135.0,127.0,488210.0,5730451.0,34.97,209.91647338867188,2017-09-04,,2018-01-01,2021-04-07
PA-P010,Paderborn,PA-04,WEA,E-70 E4-2.000,85.0,71.0,492073.0,5730578.0,46.34,331.5485534667969,2005-09-27,,2016-11-18,2021-05-01
PA-P011,Paderborn,PA-04,WEA,"E-70 E4 2,3 MW-2.300",113.5,71.0,490772.0,5730198.0,42.79,286.6781311035156,2013-09-19,,2018-01-01,2021-04-10
PA-P012,Paderborn,PA-04,WEA,E-82 E2-2.300,138.4,82.0,489056.0,5731158.0,35.48,214.85888671875,2012-11-09,,2013-01-01,2021-04-30
PA-P013,Paderborn,PA-04,WEA,E-82 E2-2.300,138.4,82.0,488789.0,5730993.0,34.43,211.6602935791016,2012-10-12,,2013-01-01,2021-04-30
PA-P014,Paderborn,PA-04,WEA,E-82 E2-2.300,138.4,82.0,489466.0,5730957.0,37.21,233.2979736328125,2012-10-16,,2013-01-01,2021-04-30
PA-P015,Paderborn,PA-04,WEA,E-82-2.000,138.4,82.0,492989.0,5729518.0,47.96,337.1188049316406,2013-12-13,,2015-05-31,2021-06-01
PA-P016,Paderborn,PA-04,WEA,E-82 E2-2.300,138.4,82.0,490291.0,5728565.0,43.15,271.54693603515625,2014-11-10,,2018-01-01,2021-04-18
PA-P017,Paderborn,PA-04,WEA,E-82 E2-2.300,138.4,82.0,490213.0,5730272.0,38.92,272.9101867675781,2018-09-27,,2018-10-19,2021-04-07
PA-P018,Paderborn,PA-04,WEA,V126-3.45 HTq-3.450,149.0,126.0,489332.0,5729632.0,38.61,257.8793029785156,2017-05-17,,2017-05-09,2021-05-18
PA-P019,Paderborn,PA-04,WEA,V126-3.45 HTq-3.450,149.0,126.0,488280.0,5729963.0,35.54,228.44921875,2017-05-30,,2017-04-30,2021-05-07
PA-P020,Paderborn,PA-04,WEA,V126-3.45 HTq-3.450,149.0,126.0,489042.0,5730257.0,35.61,242.60845947265625,2017-05-31,,2017-05-11,2021-05-07
PA-P021,Paderborn,PA-04,WEA,V126-3.45 HTq-3.450,137.0,126.0,488784.0,5729841.0,36.81,245.9743804931641,2017-05-19,,2017-05-09,2021-05-18
PA-P022,Paderborn,PA-05,WEA,E-115-3.000,149.1,115.7,491746.0,5725016.0,43.71,339.2762756347656,2016-08-17,,2017-03-31,2021-05-01
PA-P023,Paderborn,PA-05,WEA,E-115-3.000,149.1,115.7,490327.0,5723378.0,45.93,319.9393005371094,2016-05-23,,2016-01-01,2021-05-01
PA-P024,Paderborn,PA-05,WEA,E-115-3.000,149.1,115.7,490366.0,5724314.0,39.32,329.5795593261719,2016-06-30,,2016-01-01,2021-05-01
PA-P025,Paderborn,PA-05,WEA,E-115-3.000,149.0,115.7,491443.0,5724098.0,45.81,350.87872314453125,2016-06-27,,2017-03-31,2021-05-01
PA-P026,Paderborn,PA-05,WEA,E-115-3.000,149.0,115.7,491497.0,5724620.0,42.32,346.7608947753906,2016-06-22,,2017-03-31,2021-05-01
PA-P027,Paderborn,PA-05,WEA,E-115 TES-3.000,135.4,115.7,490553.0,5724933.0,42.61,313.0937805175781,2016-08-10,,2016-01-01,2021-05-01
PA-P028,Paderborn,PA-05,WEA,E-115-3.000,149.1,115.7,491999.0,5724865.0,42.42,345.4967041015625,2016-06-30,,2017-03-31,2021-05-01
PA-P029,Paderborn,PA-05,WEA,E-115-3.000,149.1,115.7,492269.0,5724420.0,46.01,362.0707092285156,2016-07-08,,2017-03-31,2021-05-01
PA-P030,Paderborn,PA-05,WEA,E-82 E2-2.300,138.4,82.0,489938.0,5723815.0,41.15,326.8944091796875,2017-08-16,,2017-08-16,2021-05-01
PA-P031,Paderborn,PA-05,WEA,"E-92 2,3 MW-2.350",138.4,92.0,490257.0,5723763.0,42.62,329.06915283203125,2015-12-23,,2016-01-01,2021-05-01
PA-P032,Paderborn,PA-05,WEA,"E-92 2,3 MW-2.350",138.4,92.0,490901.0,5723869.0,42.79,328.5477294921875,2015-12-21,,2017-03-31,2021-05-01
PA-P033,Paderborn,PA-05,WEA,"E-92 2,3 MW-2.350",138.4,92.0,490915.0,5724416.0,42.89,322.7917175292969,2015-12-31,,2016-01-01,2021-05-01
PA-P034,Paderborn,PA-05,WEA,"E-92 2,3 MW-2.350",138.4,92.0,491261.0,5725072.0,44.09,326.15350341796875,2015-12-22,,2017-03-31,2021-05-01
PA-P035,Paderborn,PA-05,WEA,"E-92 2,3 MW-2.350",138.4,92.0,490247.0,5724719.0,40.26,329.23516845703125,2015-12-22,,2016-01-01,2021-05-01
PA-P036,Paderborn,PA-06,WEA,E-115 TES-3.000,149.1,115.7,485616.0,5719066.0,41.98,265.0329284667969,2018-08-24,,2018-05-31,2020-06-01
PA-P037,Paderborn,PA-06,WEA,E-115 TES-3.000,149.1,115.7,486254.0,5719302.0,44.13,263.5386657714844,2018-05-18,,2018-05-31,2020-06-01
PA-P038,Paderborn,PA-06,WEA,E-115 TES-3.000,149.1,115.7,485925.0,5719740.0,41.14,275.06573486328125,2018-03-29,,2018-05-31,2020-06-01
PA-P039,Paderborn,PA-06,WEA,E-115 TES-3.000,149.1,115.7,486250.0,5720178.0,38.87,283.88189697265625,2018-06-27,,2018-05-31,2020-06-01
PA-P040,Paderborn,PA-06,WEA,E-115 TES-3.000,149.1,115.7,486765.0,5719712.0,39.0,281.6656799316406,2018-05-18,,2018-05-31,2020-06-01
PA-P041,Paderborn,PA-06,WEA,E-115 TES-3.000,149.1,115.7,486736.0,5720144.0,37.26,296.0588684082031,2018-06-18,,2018-05-31,2020-06-01
PA-P042,Paderborn,PA-06,WEA,E-115 TES-3.000,149.1,115.7,485621.0,5719981.0,40.99,273.6478881835937,2018-06-15,,2018-05-31,2020-06-01
PA-P043,Paderborn,PA-07,WEA,E-101-3.000,135.4,101.0,491172.0,5719079.0,40.25,325.8256225585937,2015-11-02,,2016-01-01,2024-10-01
PA-P044,Paderborn,PA-07,WEA,E-101-3.000,149.0,101.0,490800.0,5719380.0,37.15,324.1083984375,2015-11-10,,2015-11-02,2024-10-01
PA-P045,Paderborn,PA-07,WEA,E-101-3.000,149.0,101.0,490617.0,5719700.0,38.87,316.6790771484375,2015-12-09,,2015-12-07,2024-10-01
PA-P046,Paderborn,PA-07,WEA,E-101-3.000,135.0,101.0,490580.0,5720063.0,40.8,314.35650634765625,2015-12-08,,2015-12-07,2024-10-01
PA-P047,Paderborn,PA-07,WEA,E-101-3.000,135.4,101.0,491363.0,5719729.0,38.85,316.4523010253906,2015-11-02,,2016-01-01,2024-10-01
PA-P048,Paderborn,PA-07,WEA,E-115-3.000,149.0,115.7,490512.0,5720390.0,42.45,319.8894958496094,2016-03-15,,2015-01-01,2024-10-01
PA-P049,Paderborn,PA-07,WEA,E-115-3.000,149.0,115.7,490674.0,5720698.0,45.04,336.7565612792969,2016-03-22,,2016-03-15,2024-10-01
PA-P050,Paderborn,PA-07,WEA,E-115-3.000,149.0,115.7,491120.0,5720860.0,43.86,313.029052734375,2016-03-30,,2016-03-30,2024-10-01
PA-P051,Paderborn,PA-07,WEA,E-115-3.000,149.0,115.7,491083.0,5719981.0,37.8,320.6691589355469,2016-03-04,,2016-03-02,2024-10-01
PA-P052,Paderborn,PA-07,WEA,E-115-3.000,149.0,115.7,490588.0,5719040.0,40.75,335.9110717773437,2016-03-26,,2016-03-26,2024-10-01
PA-P053,Paderborn,PA-07,WEA,E-82 E2-2.300,138.4,82.0,491063.0,5720431.0,41.41,328.2392272949219,2015-12-04,,2016-01-01,2024-10-01
PA-P054,Paderborn,PA-08,WEA,"E-92 2,3 MW-2.350",138.4,92.0,493581.0,5721175.0,40.46,331.0921630859375,2015-12-11,,2016-01-01,2022-10-16
PA-P055,Paderborn,PA-08,WEA,"E-92 2,3 MW-2.350",138.4,92.0,493653.0,5720393.0,41.95,345.4450378417969,2015-12-15,,2016-01-20,2022-10-16
PA-P056,Paderborn,PA-08,WEA,"E-92 2,3 MW-2.350",138.4,92.0,494216.0,5720428.0,41.21,363.7524108886719,2015-12-08,,2016-01-01,2022-10-16
PA-P057,Paderborn,PA-08,WEA,"E-92 2,3 MW-2.350",138.4,92.0,494128.0,5720948.0,42.4,339.3959655761719,2015-12-08,,2016-01-19,2022-10-16
PA-P058,Paderborn,PA-08,WEA,"E-92 2,3 MW-2.350",138.4,92.0,493179.0,5720086.0,41.8,331.14080810546875,2015-12-15,,2016-01-27,2022-10-16
PA-P059,Paderborn,PA-08,WEA,"E-92 2,3 MW-2.350",138.4,92.0,493668.0,5719996.0,40.86,350.2578125,2015-12-16,,2016-01-20,2022-10-16
PA-P060,Paderborn,PA-09,WEA,E-82 E2-2.300,138.4,82.0,478298.0,5710959.0,24.59,376.0742492675781,2013-10-02,,2020-01-01,2024-04-12
PA-P061,Paderborn,PA-09,WEA,E-115-3.000,149.0,115.7,479562.0,5709917.0,26.54,334.7959289550781,2015-09-17,,2015-09-08,2024-04-12
PA-P062,Paderborn,PA-09,WEA,E-115-3.000,149.0,115.7,480041.0,5710968.0,31.24,360.7340393066406,2015-10-26,,2015-09-08,2024-04-12
PA-P063,Paderborn,PA-10,WEA,V126-3.45 HTq-3.450,149.0,126.0,487623.0,5713317.0,46.52,289.1540222167969,2020-11-23,,2020-11-23,2024-02-29
PA-P064,Paderborn,PA-10,WEA,V112-3.075,119.0,112.0,487366.0,5713014.0,43.69,289.4433898925781,2020-11-27,,2020-12-25,2024-02-29
PA-P065,Paderborn,PA-10,WEA,V126-3.45 HTq-3.450,149.0,126.0,487162.0,5712641.0,38.53,298.08282470703125,2020-09-30,,2020-09-29,2024-02-29
PA-P066,Paderborn,PA-10,WEA,V126-3.45 HTq-3.450,149.0,126.0,487039.0,5712999.0,43.49,285.4408874511719,2020-11-10,,2020-11-01,2024-02-29
PA-P067,Paderborn,PA-10,WEA,V126-3.45 HTq-3.450,149.0,126.0,486431.0,5713297.0,47.47,311.7569580078125,2020-11-24,,2020-11-18,2024-02-29
PA-P068,Paderborn,PA-10,WEA,V126-3.45 HTq-3.450,149.0,126.0,486190.0,5713033.0,42.52,327.76568603515625,2020-12-14,,2020-11-25,2024-02-29
PA-P069,Paderborn,PA-10,WEA,V126-3.45 HTq-3.450,149.0,126.0,486179.0,5712692.0,40.5,337.3755798339844,2020-12-14,,2020-12-01,2024-02-29
PA-P070,Paderborn,PA-11,WEA,"E-92 2,3 MW-2.350",138.4,92.0,488497.0,5706063.0,29.12,418.7802429199219,2022-12-22,,2022-11-21,2024-09-30
PA-P071,Paderborn,PA-11,WEA,E-82 E2-2.300,138.4,82.0,485680.0,5708716.0,15.31,341.820068359375,2014-11-21,,2014-12-01,2022-02-07
PA-P072,Paderborn,PA-11,WEA,E-82 E2-2.300,138.4,82.0,486260.0,5708750.0,14.83,351.0001220703125,2014-11-21,,2014-12-01,2022-02-07
PA-P073,Paderborn,PA-11,WEA,E-82 E2-2.300,138.4,82.0,485889.0,5708333.0,15.27,354.0815734863281,2014-11-21,,2014-12-01,2022-02-07
PA-P074,Paderborn,PA-11,WEA,E-82 E2-2.300,138.4,82.0,486931.0,5709285.0,15.41,344.5716552734375,2014-11-21,,2014-12-01,2022-02-07
PA-P075,Paderborn,PA-11,WEA,E-126 EP3-4.000,135.3,127.0,488806.0,5706938.0,22.61,400.73150634765625,2020-11-18,,2020-11-18,2022-02-14
PA-P076,Paderborn,PA-11,WEA,E-126 EP3-4.000,135.3,127.0,488279.0,5706974.0,20.47,392.0620727539063,2020-11-04,,2021-01-01,2022-02-10
PA-P077,Paderborn,PA-11,WEA,E-126 EP3-4.000,135.3,127.0,487857.0,5707033.0,18.99,384.8890380859375,2020-11-16,,2020-11-16,2022-02-14
PA-P078,Paderborn,PA-11,WEA,E-126 EP4 TES-4.200,135.0,127.0,489215.0,5706974.0,25.7,398.2939758300781,2016-12-22,,2016-12-22,2021-05-31
PA-P079,Paderborn,PA-11,WEA,E-138 EP3 E2-4.200,160.0,138.3,487107.0,5705501.0,31.5,408.7282409667969,2023-04-26,,2023-04-26,2024-08-30
PA-P080,Paderborn,PA-12,WEA,E-82 E2-2.300,138.4,82.0,485461.0,5706530.0,24.06,381.00921630859375,2014-05-22,,2019-01-01,2026-01-26
PA-P081,Paderborn,PA-12,WEA,E-82 E2-2.300,138.4,82.0,485440.0,5706278.0,25.64,384.5896301269531,2014-05-22,,2019-01-01,2026-01-26
RB-P001,Rheda-Beckum,RB-01,WEA,E-115 TES-3.000,149.0,115.7,447335.0,5743671.0,0.48,80.08007049560547,2016-03-24,,2019-01-01,2024-10-01
RB-P002,Rheda-Beckum,RB-02,WEA,E-115 TES-3.000,149.0,115.7,447521.0,5742378.0,2.22,88.28214263916016,2016-05-28,,2019-01-01,2024-10-01
RB-P003,Rheda-Beckum,RB-02,WEA,E-115 TES-3.000,149.0,115.7,448009.0,5742473.0,1.82,86.19015502929688,2016-06-01,,2019-01-01,2024-10-01
RB-P004,Rheda-Beckum,RB-03,WEA,E-115 TES-3.000,149.0,115.7,445262.0,5741858.0,7.74,104.27760314941406,2016-06-10,,2019-01-01,2024-10-01
RB-P005,Rheda-Beckum,RB-03,WEA,E-115 TES-3.000,149.0,115.7,445691.0,5741813.0,6.73,99.50816345214844,2016-03-30,,2019-01-01,2024-10-01
RB-P006,Rheda-Beckum,RB-04,WEA,E-115 TES-3.000,149.1,115.7,430937.0,5735669.0,3.26,105.0751953125,2018-03-21,,2018-08-10,2023-08-01
RB-P007,Rheda-Beckum,RB-04,WEA,E-115 TES-3.000,149.1,115.7,431447.0,5736080.0,4.21,114.94197082519533,2018-03-31,,2018-07-31,2023-08-01
RB-P008,Rheda-Beckum,RB-05,WEA,E-115 TES-3.000,135.5,115.7,429587.0,5734861.0,2.82,102.76537322998048,2018-03-27,,2018-07-31,2023-08-01
