standort,ostwert_utm32_m,nordwert_utm32_m,gelaendehoehe_positionsdaten_m,nabenhoehe_m,betriebsbeginn,betriebsende
Ostfriesland,420807,5946618,1.2,50.0,1995-11-29,
Ostfriesland,398014,5944827,1.0,64.0,2011-04-21,
Ostfriesland,399191,5945265,0.6,64.0,2009-03-04,
Ostfriesland,398158,5944513,0.8,135.0,2014-12-23,
Ostfriesland,398479,5944521,0.8,113.5,2014-10-23,
Ostfriesland,397796,5944427,0.8,64.0,2011-06-22,
Ostfriesland,398437,5944164,0.6,135.0,2014-12-26,
Ostfriesland,397739,5944165,0.8,64.0,2011-06-17,
Ostfriesland,397882,5943882,0.6,135.4,2015-06-08,
Ostfriesland,398917,5943945,0.8,138.0,2014-12-04,
Ostfriesland,398354,5943674,0.6,40.5,1994-03-07,
Ostfriesland,398097,5943661,0.8,64.0,2011-05-23,
Ostfriesland,398691,5943619,0.5,40.5,1994-03-07,
Ostfriesland,397698,5943524,0.8,135.4,2015-05-08,
Ostfriesland,397392,5943519,0.9,64.0,2011-03-17,
Ostfriesland,399057,5943498,0.6,64.0,2011-05-30,
Ostfriesland,398264,5943298,0.7,64.0,2011-04-07,
Ostfriesland,398597,5943244,0.7,64.0,2011-05-07,
Ostfriesland,397589,5943212,0.7,135.4,2015-08-21,
Ostfriesland,398926,5943245,0.4,138.0,2014-10-06,
Ostfriesland,395824,5944375,1.2,50.0,1994-09-01,
Ostfriesland,397950,5943123,1.1,135.0,2014-12-29,
Ostfriesland,398382,5943042,0.7,138.0,2014-10-17,
Ostfriesland,395843,5944166,1.1,50.0,1994-09-01,
Ostfriesland,396705,5943364,1.3,64.0,2011-02-14,
Ostfriesland,395861,5943971,1.2,50.0,1994-08-30,
Ostfriesland,399149,5943073,0.8,113.0,2014-07-26,
Ostfriesland,398715,5942939,0.5,108.0,2013-12-03,
Ostfriesland,396260,5943540,1.0,64.0,2011-06-28,
Ostfriesland,395520,5944267,0.9,50.0,1994-03-22,
Ostfriesland,397818,5942847,0.9,64.0,2011-05-13,
Ostfriesland,395880,5943767,1.1,50.0,1994-08-25,
Ostfriesland,395350,5944439,1.1,50.0,1996-08-22,
Ostfriesland,398187,5942766,0.8,108.0,2009-01-09,
Ostfriesland,398970,5942854,0.7,98.0,2013-12-05,
Ostfriesland,395557,5944080,1.1,50.0,1994-01-04,
Ostfriesland,398541,5942760,0.6,108.0,2009-01-20,
Ostfriesland,397520,5942733,0.7,138.0,2014-11-20,
Ostfriesland,396448,5943149,1.4,138.0,2014-09-16,
Ostfriesland,395908,5943544,1.2,50.0,1994-08-25,
Ostfriesland,397992,5942661,0.8,108.4,2013-11-12,
Ostfriesland,400978,5944170,1.1,104.0,2014-07-31,
Ostfriesland,396647,5942958,1.3,64.0,2011-03-01,
Ostfriesland,395632,5943704,1.1,50.0,1994-01-04,
Ostfriesland,398193,5942534,0.9,67.0,1998-03-01,
Ostfriesland,395196,5944191,0.9,50.0,1994-07-08,
Ostfriesland,398890,5942585,0.9,108.0,2009-01-20,
Ostfriesland,398571,5942513,0.9,67.0,1998-03-01,
Ostfriesland,401666,5945459,1.1,64.0,2017-04-28,
Ostfriesland,395772,5943395,1.0,135.4,2016-12-15,
Ostfriesland,397833,5942443,0.7,67.0,1998-03-01,
Ostfriesland,399233,5942586,1.0,108.0,2009-01-16,
Ostfriesland,395191,5943987,0.9,50.0,1994-07-19,
Ostfriesland,396233,5942958,1.4,64.0,2011-02-24,
Ostfriesland,396606,5942750,1.1,113.0,2014-07-03,
Ostfriesland,397404,5942449,1.1,108.0,2014-10-06,
Ostfriesland,396807,5942601,1.1,108.0,2014-12-05,
Ostfriesland,395238,5943784,0.8,50.0,1993-12-30,
Ostfriesland,397029,5942474,0.8,108.0,2014-12-12,
Ostfriesland,399447,5942517,0.9,108.0,2013-12-30,
Ostfriesland,397616,5942312,1.1,108.0,2014-09-26,
Ostfriesland,401874,5945570,1.3,64.0,2017-05-24,
Ostfriesland,401852,5945346,1.1,64.0,2017-04-28,
Ostfriesland,398212,5942259,0.8,67.0,1998-03-01,
Ostfriesland,396347,5942724,1.1,64.0,2011-02-22,
Ostfriesland,401161,5943701,0.8,98.4,2014-07-30,
Ostfriesland,398583,5942206,0.9,67.0,1998-03-01,
Ostfriesland,396579,5942498,1.1,108.0,2014-12-15,
Ostfriesland,397811,5942157,0.7,67.0,1998-03-01,
Ostfriesland,395747,5942983,0.3,135.4,2017-08-29,
Ostfriesland,395334,5943364,0.7,50.0,1994-08-04,
Ostfriesland,395439,5943245,0.8,135.4,2016-12-20,
Ostfriesland,396780,5942352,1.0,67.0,1997-03-01,
Ostfriesland,399418,5942293,0.8,108.0,2009-01-13,
Ostfriesland,396003,5942741,1.4,99.0,2017-07-31,
Ostfriesland,399698,5942379,0.9,108.0,2009-01-21,
Ostfriesland,402025,5945200,1.1,64.0,2017-05-24,
Ostfriesland,402088,5945457,1.1,64.0,2017-04-28,
Ostfriesland,397511,5942096,1.0,108.0,2014-09-26,
Ostfriesland,399084,5942117,0.8,98.0,2009-01-14,
Ostfriesland,396346,5942390,1.1,108.0,2014-11-27,
Ostfriesland,398248,5941948,0.8,67.0,1998-03-01,
Ostfriesland,402222,5945653,1.0,64.0,2014-11-11,
Ostfriesland,402151,5945025,1.2,64.0,2017-05-31,
Ostfriesland,398893,5941960,0.6,108.4,2013-12-18,
Ostfriesland,398651,5941909,0.8,67.0,1998-03-01,
Ostfriesland,402236,5945297,0.9,64.0,2017-04-28,
Ostfriesland,399403,5942040,1.2,108.0,2009-01-20,
Ostfriesland,397997,5941854,0.7,67.0,1998-03-01,
Ostfriesland,396728,5942107,0.6,108.0,2014-12-16,
Ostfriesland,395467,5942837,0.4,64.0,2013-05-27,
Ostfriesland,402186,5944810,1.1,64.0,2016-12-27,
Ostfriesland,400099,5942271,1.3,135.0,2016-12-05,
Ostfriesland,402355,5945476,0.7,64.0,2017-04-28,
Ostfriesland,397671,5941808,0.8,67.0,1998-03-01,
Ostfriesland,395042,5943147,0.9,85.0,2014-06-16,
Ostfriesland,402345,5945111,0.8,64.0,2017-05-29,
Ostfriesland,402216,5944588,1.4,64.0,2017-04-28,
Ostfriesland,394587,5943659,0.9,64.0,2014-02-07,
Ostfriesland,398375,5941714,0.7,67.0,1998-03-01,
Ostfriesland,395595,5942512,0.8,135.4,2017-09-08,
Ostfriesland,402494,5945652,1.2,64.0,2016-03-23,
Ostfriesland,400547,5942342,1.6,135.0,2016-12-22,
Ostfriesland,402501,5945311,1.1,64.0,2016-12-30,
Ostfriesland,396517,5941934,1.2,75.0,2005-06-16,
Ostfriesland,394191,5944150,1.0,64.0,2009-08-14,
Ostfriesland,395047,5942897,0.4,64.0,2011-02-11,
Ostfriesland,398024,5941596,0.5,67.0,1998-03-01,
Ostfriesland,402453,5944915,0.8,64.0,2017-03-17,
Ostfriesland,397462,5941627,0.8,98.0,2014-09-09,
Ostfriesland,402423,5944693,1.1,64.0,2016-12-30,
Ostfriesland,394293,5943782,0.7,64.0,2009-08-14,
Ostfriesland,402554,5945102,1.4,64.0,2016-12-07,
Ostfriesland,395277,5942563,0.8,135.4,2013-10-10,
Ostfriesland,395893,5942124,1.3,138.4,2014-07-11,
Ostfriesland,400289,5942026,2.3,135.0,2016-12-29,
Ostfriesland,402417,5944466,1.6,64.0,2017-03-31,
Ostfriesland,402677,5945773,1.8,64.0,2009-12-09,
Ostfriesland,396115,5941982,1.1,99.0,2005-06-08,
Ostfriesland,396291,5941883,1.2,76.0,2005-07-11,
Ostfriesland,402678,5945535,1.5,64.0,2016-09-28,
Ostfriesland,396772,5941687,1.0,108.0,2014-12-12,
Ostfriesland,398293,5941452,0.8,67.0,1998-03-01,
Ostfriesland,397657,5941471,0.7,67.0,1998-03-01,
Ostfriesland,396525,5941691,0.9,64.0,1998-03-01,
Ostfriesland,397887,5941395,1.0,108.0,2013-10-25,
Ostfriesland,402650,5944814,1.4,64.0,2016-12-01,
Ostfriesland,397003,5941517,0.5,108.0,2014-09-29,
Ostfriesland,402741,5945227,1.2,64.0,2017-05-23,
Ostfriesland,395468,5942205,1.0,67.0,2002-04-11,
Ostfriesland,402620,5944562,0.9,64.0,2016-12-17,
Ostfriesland,395256,5942264,1.1,67.0,2002-04-16,
Ostfriesland,395637,5941993,1.3,64.0,2002-03-06,
Ostfriesland,398079,5941247,1.2,67.0,1998-03-01,
Ostfriesland,402893,5945381,1.1,64.0,2016-12-30,
Ostfriesland,396233,5941645,1.0,138.4,2016-07-20,
Ostfriesland,395842,5941840,1.3,138.4,2016-08-03,
Ostfriesland,402932,5945589,1.7,64.0,2016-09-29,
Ostfriesland,396789,5941400,0.6,67.0,1998-03-01,
Ostfriesland,397732,5941201,0.6,67.0,1998-03-01,
Ostfriesland,402823,5944652,2.8,64.0,2017-03-31,
Ostfriesland,402909,5944986,1.9,64.0,2016-09-30,
Ostfriesland,397045,5941263,0.7,108.0,2014-10-10,
Ostfriesland,402987,5945182,1.1,64.0,2015-10-05,
Ostfriesland,394976,5942260,0.9,108.3,2013-06-21,
Ostfriesland,394705,5942483,0.7,108.3,2013-06-11,
Ostfriesland,395377,5941919,1.0,65.0,2002-12-13,
Ostfriesland,395979,5941530,1.1,67.0,2002-02-27,
Ostfriesland,403010,5944766,2.8,64.0,2014-09-30,
Ostfriesland,396677,5941223,0.7,76.0,2005-07-08,
Ostfriesland,396382,5941324,1.0,138.4,2016-07-13,
Ostfriesland,403174,5945694,2.6,64.0,2017-04-26,
Ostfriesland,395093,5942038,1.3,65.0,2002-12-13,
Ostfriesland,395440,5941777,0.6,98.0,2014-02-13,
Ostfriesland,395689,5941617,1.2,64.0,2002-02-22,
Ostfriesland,403117,5944944,1.6,64.0,2013-07-16,
Ostfriesland,397178,5941037,1.0,98.0,2015-02-02,
Ostfriesland,403193,5945226,1.6,64.0,2009-12-21,
Ostfriesland,403239,5945440,1.3,64.0,2010-02-15,
Ostfriesland,396822,5941070,0.7,67.0,1998-03-01,
Ostfriesland,403331,5945641,2.0,50.0,2001-08-10,
Ostfriesland,395996,5941244,1.4,67.0,1998-03-01,
Ostfriesland,395071,5941786,1.7,65.0,2002-12-13,
Ostfriesland,396316,5941065,1.1,67.0,1998-03-01,
Ostfriesland,396520,5940975,0.8,76.0,2005-07-06,
Ostfriesland,403432,5945209,1.3,64.0,2010-01-20,
Ostfriesland,403489,5945794,1.2,50.0,1996-08-21,
Ostfriesland,395680,5941296,1.6,138.4,2016-08-26,
Ostfriesland,403491,5945439,1.5,64.0,2010-02-15,
Ostfriesland,396859,5940809,1.0,108.0,2014-10-22,
Ostfriesland,403581,5945914,1.4,50.0,1996-08-21,
Ostfriesland,396077,5941005,1.1,99.0,2005-06-01,
Ostfriesland,403629,5945659,1.2,64.0,2018-06-15,
Ostfriesland,396550,5940761,0.6,67.0,1998-03-01,
Ostfriesland,394725,5941709,1.1,135.4,2013-11-21,
Ostfriesland,395681,5941046,1.3,138.4,2016-08-22,
Ostfriesland,403784,5945888,1.1,64.0,2017-03-24,
Ostfriesland,403799,5945540,2.1,64.0,2017-03-30,
Ostfriesland,396108,5940742,1.4,99.0,2005-06-03,
Ostfriesland,395854,5940786,1.3,138.4,2016-08-24,
Ostfriesland,396513,5940507,0.9,108.0,2014-11-18,
Ostfriesland,403911,5945718,1.8,64.0,2017-02-27,
Ostfriesland,395579,5940703,2.2,138.4,2014-07-22,
Ostfriesland,394924,5940777,1.6,138.4,2013-12-19,
Ostfriesland,395286,5940522,1.8,138.4,2013-06-27,
Ostfriesland,395046,5940496,1.7,138.4,2013-07-10,
Ostfriesland,434695,5937360,1.0,49.0,2003-07-05,
Ostfriesland,435140,5937511,1.3,120.0,2014-12-09,
Ostfriesland,434736,5937118,0.9,49.0,2003-07-05,
Ostfriesland,434790,5936823,0.8,49.0,2003-07-05,
Alpen-Sevelen,330788,5721228,19.5,104.0,2016-03-31,
Alpen-Sevelen,330962,5721540,19.5,78.0,2000-12-22,
Alpen-Sevelen,319135,5704961,30.9,135.0,2022-02-14,
Alpen-Sevelen,319089,5704519,32.3,135.0,2022-02-14,
Alpen-Sevelen,319255,5704057,32.5,160.0,2021-10-22,
Alpen-Sevelen,319646,5703838,32.5,160.0,2021-12-17,
Alpen-Sevelen,320029,5703649,32.4,135.0,2022-01-13,
Alpen-Sevelen,318226,5705802,31.0,135.0,2022-12-19,
Alpen-Sevelen,322549,5706354,37.9,166.6,2024-10-11,
Alpen-Sevelen,323258,5706291,42.8,166.6,2024-09-05,
Alpen-Sevelen,322401,5705815,37.7,166.6,2025-02-20,
Alpen-Sevelen,322921,5705686,39.3,166.6,2024-09-03,
Alpen-Sevelen,317078,5705335,31.9,70.5,2005-10-07,
Alpen-Sevelen,316823,5706084,30.3,70.5,2005-10-14,
Alpen-Sevelen,316594,5706169,29.7,70.5,2005-10-12,
Alpen-Sevelen,316341,5705517,29.2,70.5,2005-10-10,
Alpen-Sevelen,323097,5702970,37.9,62.0,1998-05-01,
Alpen-Sevelen,318720,5707548,30.2,61.5,2006-08-12,
Alpen-Sevelen,318938,5707341,30.3,61.5,2006-08-16,
Alpen-Sevelen,320003,5705225,32.0,73.3,2009-02-03,
Alpen-Sevelen,320078,5704258,32.0,73.3,2009-02-03,
Alpen-Sevelen,320332,5704124,32.2,73.3,2009-02-02,
Alpen-Sevelen,320439,5703866,33.0,73.3,2009-02-25,
Alpen-Sevelen,322424,5705468,37.9,73.3,2009-02-02,
Alpen-Sevelen,322457,5705244,37.1,73.3,2009-03-04,
Alpen-Sevelen,321636,5705424,34.3,73.3,2009-02-25,
Alpen-Sevelen,321311,5705010,32.6,70.5,2002-05-24,
Alpen-Sevelen,321305,5704751,33.1,70.5,2002-06-11,
Alpen-Sevelen,320823,5704650,31.9,70.5,2002-05-07,
Alpen-Sevelen,321943,5704062,34.1,70.5,2002-05-07,
Alpen-Sevelen,321400,5704088,33.3,70.5,2002-05-21,
Alpen-Sevelen,322109,5703883,34.6,70.5,2002-05-13,
Alpen-Sevelen,322342,5703759,34.6,70.5,2002-10-22,
Alpen-Sevelen,322537,5703651,35.1,70.5,2002-06-11,
Lorup,409856,5870046,9.6,98.0,2010-06-07,
Lorup,410106,5869941,9.7,98.0,2010-06-07,
Lorup,409753,5869595,10.1,98.0,2010-06-07,
Lorup,410031,5869490,10.7,98.0,2010-06-07,
Lorup,410358,5869396,10.8,98.0,2010-06-07,
Lorup,410395,5869886,9.9,98.0,2010-06-07,
Lorup,410108,5870331,9.4,98.0,2010-06-07,
Lorup,409649,5869856,10.0,98.0,2010-06-07,
Lorup,409875,5869265,11.1,98.0,2010-06-07,
Lorup,410106,5869094,11.0,98.0,2010-06-07,
Lorup,410584,5869598,11.6,98.0,2010-06-07,
Lorup,410609,5869188,11.8,98.0,2010-06-07,
Lorup,410436,5868869,11.9,98.0,2010-06-07,
Lorup,409967,5869735,10.0,108.4,2010-06-07,
Lorup,410248,5869634,10.8,108.4,2010-06-07,
Lorup,410380,5869119,11.1,108.4,2010-06-07,
Lorup,410033,5868588,12.4,98.2,2010-06-07,
Lorup,408869,5870188,10.7,149.0,2017-12-27,
Lorup,408879,5869900,9.8,149.0,2017-12-30,
Lorup,409271,5870288,9.8,160.0,2020-10-23,
Lorup,409486,5870550,9.3,160.0,2020-10-23,
Lorup,405989,5866643,16.3,122.1,2017-05-22,
Lorup,404741,5865675,18.2,149.0,2016-05-31,
Lorup,404320,5865453,18.1,149.1,2017-05-19,
Lorup,404636,5865275,18.1,149.0,2016-06-24,
Lorup,403687,5865170,20.0,149.1,2017-05-31,
Lorup,403293,5865199,20.9,149.1,2017-06-22,
Lorup,404069,5865143,19.3,149.1,2017-05-27,
Lorup,404410,5864980,18.9,149.0,2016-06-30,
Lorup,403437,5864851,19.9,149.1,2017-06-30,
Lorup,403832,5864748,19.3,149.1,2017-06-30,
Lorup,404335,5864638,18.8,149.0,2016-06-30,
Lorup,403705,5864372,19.9,149.0,2016-09-30,
Lorup,404001,5864370,19.5,149.0,2016-09-30,
Lorup,403768,5864056,20.8,149.1,2017-05-31,
Lorup,412106,5864751,35.1,65.0,1999-01-21,
Lorup,412623,5864719,29.0,40.0,1992-10-15,
Lorup,412513,5864659,30.2,50.0,2001-12-18,
Lorup,412139,5864554,35.5,65.0,1999-01-21,
Lorup,412481,5864534,28.5,50.0,1995-07-14,
Lorup,412162,5863835,31.6,65.0,1995-03-23,
Lorup,412288,5863647,28.1,65.0,1997-06-20,
Lorup,412096,5862498,28.7,65.0,1995-05-19,
Lorup,412114,5862316,30.8,65.0,1995-05-19,
Lorup,412205,5862197,33.8,65.0,1995-05-19,
Lorup,410983,5862167,36.1,65.0,1996-06-26,
Lorup,412967,5861532,31.3,34.5,1995-10-10,
Lorup,413188,5861732,32.4,34.5,1993-04-01,
Lorup,413376,5861789,30.6,48.0,1995-11-10,
Lorup,413580,5861541,31.2,50.0,1995-12-22,
Lorup,406387,5866526,15.8,122.1,2017-03-31,
Lorup,407758,5867718,13.2,63.0,1998-10-02,
Lorup,407450,5867820,13.6,63.0,1996-04-03,
Borken-Coesfeld,357112,5738362,55.7,149.1,2017-09-28,
Borken-Coesfeld,363322,5739421,87.7,100.0,2002-12-20,2023-10-17
Borken-Coesfeld,362967,5739116,88.4,100.0,2002-12-20,2023-10-17
Borken-Coesfeld,362962,5739317,88.4,119.0,2023-10-18,
Borken-Coesfeld,362653,5739601,91.0,100.0,2002-12-20,2023-10-17
Borken-Coesfeld,360421,5736788,67.5,161.0,2023-10-17,
Borken-Coesfeld,359989,5737046,68.2,161.0,2023-10-14,
Borken-Coesfeld,361394,5741598,87.0,161.0,2023-10-20,
Borken-Coesfeld,360241,5741478,89.2,96.0,2004-12-29,
Borken-Coesfeld,360734,5741388,88.2,96.0,2004-12-30,
Borken-Coesfeld,359865,5741856,83.8,98.0,2004-07-26,
Borken-Coesfeld,359522,5741737,82.5,96.0,2004-12-28,
Borken-Coesfeld,359127,5741674,79.5,78.0,2000-02-17,
Borken-Coesfeld,362517,5744312,88.7,120.0,2015-10-01,
Borken-Coesfeld,358908,5741631,76.5,76.0,2004-05-26,
Borken-Coesfeld,358383,5741332,73.0,96.0,2004-12-30,
Borken-Coesfeld,357350,5739244,58.9,96.0,2004-12-29,
Borken-Coesfeld,358431,5741598,73.9,86.0,2004-05-28,
Borken-Coesfeld,357367,5739516,60.3,96.0,2004-12-30,
Borken-Coesfeld,357341,5739778,61.6,96.0,2006-06-13,
Borken-Coesfeld,356859,5739092,59.9,96.0,2004-12-29,
Borken-Coesfeld,356822,5739363,60.2,160.0,2023-12-01,
Borken-Coesfeld,356770,5739368,61.3,96.0,2005-03-15,2023-04-11
Borken-Coesfeld,360436,5736819,67.5,78.0,2000-11-17,2023-03-30
Borken-Coesfeld,355457,5739381,65.0,160.0,2023-12-20,
Borken-Coesfeld,355471,5739366,65.0,76.0,2006-08-29,2023-04-03
Borken-Coesfeld,355945,5739418,63.3,76.0,2006-08-29,
Borken-Coesfeld,374513,5764980,102.6,98.0,2002-06-25,
Borken-Coesfeld,373525,5767147,84.3,130.0,2023-04-28,
Borken-Coesfeld,373441,5766735,82.5,130.0,2023-04-28,
Borken-Coesfeld,372360,5762405,99.0,85.0,2007-12-30,
Borken-Coesfeld,372552,5762767,105.8,85.0,2007-12-30,
Borken-Coesfeld,372705,5762367,110.1,85.0,2007-12-17,
Borken-Coesfeld,372923,5762740,115.2,85.0,2008-01-21,
Borken-Coesfeld,373043,5762135,102.0,85.0,2010-11-30,
Borken-Coesfeld,373053,5762550,111.5,65.0,2010-11-30,
Borken-Coesfeld,372295,5762620,97.8,75.6,2007-12-18,
Borken-Coesfeld,374907,5763739,100.1,78.0,2002-12-09,
Borken-Coesfeld,377489,5762800,111.2,134.0,2017-07-13,
Borken-Coesfeld,376997,5762514,116.4,134.0,2017-06-30,
Borken-Coesfeld,375631,5762324,101.5,134.0,2017-06-22,
Borken-Coesfeld,374781,5763804,100.5,161.0,2021-04-01,
Borken-Coesfeld,375722,5767299,100.1,134.0,2021-06-04,
Borken-Coesfeld,375976,5766889,100.6,161.0,2021-06-05,
Borken-Coesfeld,367754,5762348,71.1,134.0,2017-07-25,
Borken-Coesfeld,366906,5762433,68.4,134.0,2017-08-17,
Borken-Coesfeld,367402,5762575,69.8,134.0,2017-08-09,
Borken-Coesfeld,366523,5762780,67.0,134.0,2017-08-23,
Borken-Coesfeld,366284,5762463,68.8,138.4,2019-11-28,
Borken-Coesfeld,365896,5762028,71.6,129.1,2019-11-18,
Borken-Coesfeld,372819,5747766,58.8,165.0,2021-05-05,
Borken-Coesfeld,372553,5748020,60.5,165.0,2021-04-07,
Borken-Coesfeld,372315,5748348,61.6,165.0,2021-04-09,
Borken-Coesfeld,373353,5747889,59.4,165.0,2021-02-23,
Borken-Coesfeld,372315,5748792,63.8,165.0,2021-01-29,
Borken-Coesfeld,370308,5748168,61.0,130.0,2021-07-12,
Borken-Coesfeld,372172,5749414,67.8,165.0,2021-07-12,
Borken-Coesfeld,370405,5749004,62.9,158.9,2022-03-31,
Borken-Coesfeld,372344,5749864,64.5,165.0,2021-06-17,
Borken-Coesfeld,370466,5749412,64.4,155.1,2022-03-31,
Borken-Coesfeld,372036,5750095,66.0,129.0,2021-07-06,
Borken-Coesfeld,372252,5750530,65.1,129.0,2021-06-23,
Borken-Coesfeld,370650,5748024,61.0,100.0,2021-07-12,
Borken-Coesfeld,370038,5749531,63.3,130.3,2022-03-17,
Borken-Coesfeld,369838,5748959,62.4,130.3,2022-04-12,
Borken-Coesfeld,369970,5749958,64.2,130.3,2022-03-31,
Rheda-Beckum,430369,5733810,97.5,103.9,2017-12-28,
Rheda-Beckum,446524,5743013,87.6,139.0,2016-01-25,
Rheda-Beckum,446746,5744315,79.1,164.0,2023-07-10,
Rheda-Beckum,446487,5742664,87.4,139.0,2016-02-19,
Rheda-Beckum,446351,5744755,77.1,120.0,2018-02-27,
Altenmellrich,449600,5708052,283.4,50.0,1994-05-04,
Altenmellrich,449796,5708517,263.1,50.0,1994-10-12,
Altenmellrich,447494,5707363,284.6,64.7,2000-12-20,
Altenmellrich,447417,5707627,270.9,64.7,2000-12-22,
Altenmellrich,448297,5708225,255.3,64.7,2000-12-28,
Altenmellrich,449609,5707552,284.4,65.0,2000-12-28,
Altenmellrich,448627,5708139,269.6,65.0,2000-12-28,
Altenmellrich,447930,5707797,271.3,60.0,2000-12-29,
Altenmellrich,449408,5708144,277.4,64.7,2000-12-29,
Altenmellrich,448186,5708603,252.4,65.0,2001-02-02,
Altenmellrich,448181,5707667,277.0,65.0,2001-02-02,
Altenmellrich,448313,5707935,259.5,64.7,2001-11-25,
Altenmellrich,448571,5708363,264.9,70.0,2001-12-21,
Altenmellrich,449103,5708277,270.8,65.0,2011-11-25,
Altenmellrich,448451,5707700,270.5,70.5,2002-11-29,
Altenmellrich,449327,5707632,290.3,65.0,2004-08-16,
Altenmellrich,448091,5707986,262.2,73.3,2008-07-15,
Altenmellrich,448345,5708428,261.9,64.0,2009-01-07,
Altenmellrich,448811,5708277,263.9,73.3,2009-12-17,
Altenmellrich,449167,5708133,277.5,76.0,2002-05-17,
Altenmellrich,454758,5706188,322.5,84.6,2025-12-23,
Altenmellrich,441078,5709255,204.6,130.6,2026-04-16,
Altenmellrich,443354,5708113,236.1,120.0,2023-08-03,
Altenmellrich,453531,5706621,331.1,76.0,2007-07-26,
Altenmellrich,443472,5707438,262.5,67.0,2000-12-27,
Altenmellrich,444636,5706657,281.7,70.5,2001-12-22,
Altenmellrich,444654,5706464,293.5,65.0,2005-02-16,
Altenmellrich,453652,5707096,313.9,70.0,2000-12-29,
Altenmellrich,453670,5706852,331.8,60.0,1997-12-02,
Altenmellrich,453848,5707265,312.4,60.0,2001-11-12,
Altenmellrich,453948,5707161,319.4,58.0,1997-09-24,
Altenmellrich,454118,5707133,323.4,76.0,2007-09-26,
Altenmellrich,454448,5707366,306.2,70.0,1997-12-05,
Altenmellrich,454362,5707119,323.7,60.0,1999-08-10,
Altenmellrich,454733,5707193,319.6,66.5,2000-02-25,
Altenmellrich,454126,5706483,335.9,64.0,2007-11-14,
Altenmellrich,454033,5706933,330.8,64.0,2007-10-26,
Altenmellrich,454242,5706884,336.1,64.0,2008-03-03,
Altenmellrich,454364,5706708,343.4,64.0,2007-10-26,
Altenmellrich,454510,5706555,341.7,64.0,2007-11-14,
Altenmellrich,454724,5706515,339.0,64.0,2007-11-15,
Altenmellrich,443499,5707955,245.9,73.3,2013-05-27,
Altenmellrich,444391,5706844,267.3,73.3,2013-02-18,
Altenmellrich,444397,5706661,278.2,68.5,2002-10-01,
Altenmellrich,453713,5706689,333.0,76.0,2007-07-26,
Altenmellrich,455026,5706401,317.8,130.6,2026-05-08,
Paderborn,493915,5720804,350.2,65.0,1997-12-22,2024-04-10
Paderborn,494255,5720824,348.7,65.0,1997-12-23,2024-04-08
Paderborn,493556,5720667,348.4,55.0,1997-12-18,
Paderborn,493851,5720574,353.1,73.5,2008-02-18,
Paderborn,493882,5720404,356.1,65.0,2008-02-18,
Paderborn,493860,5720244,357.6,65.0,1998-01-16,
Paderborn,494270,5720642,358.9,65.0,1997-12-23,2024-02-12
Paderborn,494656,5720693,363.8,65.0,1998-01-16,2018-10-01
Paderborn,494579,5720559,367.1,50.0,1998-01-16,2018-02-01
Paderborn,495282,5720494,365.8,50.0,1998-02-11,
Paderborn,494927,5720462,368.1,65.0,1998-07-15,
Paderborn,494730,5720219,366.2,40.5,1993-12-02,
Paderborn,494152,5720031,357.7,65.0,1997-12-21,2024-04-23
Paderborn,494106,5719887,350.5,65.0,1997-12-21,
Paderborn,494355,5719991,359.6,65.0,1997-12-19,2024-04-25
Paderborn,493538,5720276,342.4,65.0,1998-03-24,
Paderborn,494321,5720237,364.6,65.0,1997-12-19,2024-04-06
Paderborn,493539,5720923,343.6,76.0,2007-09-03,2020-02-24
Paderborn,494805,5720126,361.0,40.5,1993-12-02,2021-05-31
Paderborn,494131,5721589,335.4,78.0,2001-08-28,
Paderborn,493700,5721380,328.9,74.0,1998-10-12,
Paderborn,493070,5721348,319.2,67.0,1999-10-13,
Paderborn,493436,5721224,330.0,74.0,1998-10-19,2026-06-18
Paderborn,493053,5721143,326.2,65.0,1997-12-20,
Paderborn,493190,5721134,328.9,65.0,1997-12-19,
Paderborn,493318,5721023,335.7,65.0,1998-01-02,
Paderborn,493329,5720761,342.7,65.0,1998-01-16,
Paderborn,493691,5720796,348.8,65.0,1997-12-19,
Paderborn,494711,5721002,355.2,65.0,1997-12-22,
Paderborn,493308,5720542,338.7,50.0,1998-07-24,
Paderborn,493426,5719900,342.1,60.0,1998-02-26,
Paderborn,494922,5721022,357.6,65.0,1997-12-22,
Paderborn,495196,5721019,360.4,65.0,1997-12-22,
Paderborn,495354,5720958,364.7,65.0,2000-08-17,
Paderborn,495236,5720814,366.6,65.0,1997-12-22,
Paderborn,494904,5720673,366.1,65.0,1997-12-22,
Paderborn,495481,5720779,372.2,50.0,1998-02-09,
Paderborn,495543,5720702,374.6,50.0,1998-02-10,
Paderborn,495077,5720380,361.6,50.0,1994-12-22,
Paderborn,494654,5720313,369.3,40.0,1993-10-26,
Paderborn,494482,5719860,358.5,35.0,1996-11-29,
Paderborn,494380,5719778,355.2,46.0,1995-11-29,
Paderborn,494032,5722906,340.3,149.0,2016-04-29,
Paderborn,494416,5722890,339.2,84.6,2015-12-23,
Paderborn,494329,5722467,340.5,138.4,2016-11-18,
Paderborn,493895,5722583,338.6,138.4,2016-12-14,
Paderborn,493894,5722189,330.9,149.0,2016-08-23,
Paderborn,494324,5721771,331.7,138.4,2016-02-20,
Paderborn,494379,5722096,335.6,138.4,2016-01-12,
Paderborn,493599,5721847,314.7,149.0,2016-11-17,
Paderborn,493104,5722131,312.0,99.0,2016-09-30,
Paderborn,493355,5721513,322.9,149.0,2016-10-13,
Paderborn,493049,5721591,323.1,64.0,2016-04-19,
Paderborn,493538,5722289,315.2,149.0,2016-09-20,
Paderborn,494580,5720406,370.0,40.0,1993-09-29,
Paderborn,493651,5720577,344.2,60.0,2016-12-07,
Paderborn,494000,5721761,326.5,138.4,2017-05-16,
Paderborn,494349,5719522,349.2,149.0,2016-05-20,
Paderborn,494864,5719781,354.2,149.0,2016-11-03,
Paderborn,495128,5719613,341.8,149.0,2016-10-12,
Paderborn,495621,5719949,338.3,149.0,2016-06-15,
Paderborn,495287,5720040,357.9,149.0,2016-09-30,
Paderborn,494262,5722662,341.5,108.4,2018-06-22,
Paderborn,494516,5721032,353.2,108.4,2016-12-06,
Paderborn,493977,5719743,340.8,149.0,2018-05-18,
Paderborn,493115,5721830,322.9,149.0,2016-09-24,
Paderborn,493721,5721546,324.9,149.0,2015-12-08,
Paderborn,494572,5719950,360.7,108.4,2016-08-20,
Paderborn,493091,5720518,328.5,138.4,2015-12-08,
Paderborn,493047,5720915,330.3,138.4,2015-12-21,
Paderborn,494636,5720386,369.6,138.4,2016-02-05,
Paderborn,494973,5720257,360.1,138.4,2016-08-15,
Paderborn,494741,5720743,362.9,135.4,2018-12-13,
Paderborn,493522,5720908,343.6,138.4,2020-11-12,
Paderborn,494581,5720582,363.9,73.3,2018-05-24,
Paderborn,487659,5707331,381.7,98.0,2001-08-21,
Paderborn,488572,5707029,393.6,73.3,2013-07-12,
Paderborn,487181,5707809,373.2,135.3,2020-11-20,
Paderborn,487853,5707614,379.6,160.0,2020-10-12,
Paderborn,488282,5707506,377.5,160.0,2020-11-05,
Paderborn,488711,5707415,385.6,160.0,2020-11-05,
Paderborn,488876,5707886,378.9,160.0,2020-11-20,
Paderborn,488557,5708015,371.0,160.0,2020-11-18,
Paderborn,488127,5708051,370.7,160.0,2020-11-13,
Paderborn,487701,5708177,367.5,160.0,2020-11-18,
Paderborn,486892,5708116,367.4,135.3,2020-11-19,
Paderborn,486758,5708432,361.1,138.4,2020-10-13,
Paderborn,487846,5709734,349.1,164.0,2020-09-08,
Paderborn,488131,5709319,361.6,164.0,2020-09-09,
Paderborn,487455,5709515,353.0,164.0,2020-09-08,
Paderborn,487651,5709117,359.9,164.0,2020-09-07,
Paderborn,487986,5708752,364.1,164.0,2020-09-09,
Paderborn,488429,5708414,366.5,164.0,2020-10-15,
Paderborn,488551,5708863,371.7,164.0,2020-10-12,
Paderborn,487361,5705150,417.7,130.1,2023-04-06,
Paderborn,487782,5705060,415.4,130.1,2023-01-06,
Paderborn,487542,5704780,417.2,130.1,2023-04-27,
Paderborn,486782,5705033,405.7,135.3,2023-01-16,
Paderborn,486920,5704759,400.9,130.1,2023-04-04,
Paderborn,486782,5705393,419.7,98.0,2001-11-06,2022-12-07
Paderborn,487050,5705308,418.7,98.0,2001-11-05,2022-12-07
Paderborn,487325,5705220,417.3,98.0,2001-10-22,2022-12-07
Paderborn,487584,5705056,416.6,98.0,2001-10-19,2023-01-09
Paderborn,487818,5704882,425.3,98.0,2001-10-17,2023-02-13
Paderborn,488044,5704711,432.7,98.0,2002-02-11,2023-07-14
Paderborn,487334,5704495,428.7,98.0,2002-03-01,2023-07-14
Paderborn,487822,5704533,432.7,98.0,2009-01-06,2025-04-28
Paderborn,486153,5718752,283.6,73.3,2012-12-13,
Paderborn,486427,5719096,277.0,73.3,2012-12-13,
Paderborn,486659,5719180,279.0,73.3,2012-12-14,
Paderborn,487541,5719728,297.8,108.4,2017-12-20,
Paderborn,486932,5717836,287.2,149.1,2017-12-28,
Paderborn,487148,5718125,285.4,149.1,2018-03-02,
Paderborn,487457,5719436,296.3,149.1,2018-03-19,
Paderborn,487395,5718292,287.9,149.1,2018-03-22,
Paderborn,486524,5718803,289.2,149.1,2018-02-16,
Paderborn,486917,5719403,283.1,135.0,2023-04-06,
Paderborn,488724,5720557,311.4,159.0,2026-03-11,
Paderborn,488908,5720939,315.6,159.0,2026-03-11,
Paderborn,488778,5721327,302.3,159.0,2026-03-12,
Paderborn,486229,5718130,293.5,69.0,1998-04-12,
Paderborn,483880,5718574,236.8,50.0,1995-11-14,
Paderborn,485052,5718597,258.2,166.6,2023-10-20,
Paderborn,481869,5719036,253.7,117.0,2022-03-14,
Paderborn,481280,5720728,219.7,125.4,2023-12-28,
Paderborn,481300,5720351,222.3,164.0,2023-12-18,
Paderborn,480909,5720798,215.5,125.4,2023-12-27,
Paderborn,482147,5717927,279.1,136.9,2022-02-08,
Paderborn,481710,5718177,278.7,136.9,2022-03-08,
Paderborn,481597,5718597,265.7,136.9,2022-02-16,
Paderborn,481412,5718990,253.3,136.9,2022-02-24,
Paderborn,481426,5719465,239.2,136.9,2022-03-31,
Paderborn,480915,5720441,225.4,125.4,2024-01-10,
Paderborn,481103,5718163,276.6,121.9,2025-05-07,
Paderborn,487520,5720072,304.8,149.1,2025-05-19,
Paderborn,487297,5720543,302.0,135.5,2025-05-07,
Paderborn,488110,5720258,315.7,149.1,2025-04-14,
Paderborn,485496,5721460,267.4,160.0,2023-12-09,
Paderborn,482910,5721999,226.8,129.0,2022-10-03,
Paderborn,484220,5722254,236.2,165.0,2022-10-24,
Paderborn,485456,5721674,253.2,129.0,2022-10-08,
Paderborn,485247,5721137,264.5,129.0,2022-09-26,
Paderborn,495486,5740311,394.3,149.0,2020-03-06,
Paderborn,495636,5739900,389.5,149.0,2020-03-20,
Paderborn,494688,5741267,419.0,65.0,1997-12-22,2026-01-06
Paderborn,493724,5740925,379.8,70.0,1998-02-17,2025-06-12
Paderborn,493907,5740998,394.8,58.0,1997-12-11,2024-11-02
Paderborn,494083,5741113,401.0,70.0,1998-02-16,2025-06-13
Paderborn,494030,5740594,381.7,70.0,1998-03-02,
Paderborn,493962,5740772,397.3,41.7,1994-10-31,
Paderborn,494855,5740899,409.4,135.4,2016-08-24,
Paderborn,491257,5738889,244.8,64.0,2001-12-15,
Paderborn,493681,5740813,374.8,58.0,1997-12-11,
Paderborn,493732,5740648,374.5,65.0,2025-09-29,
Paderborn,494398,5741622,426.5,160.0,2023-10-16,
Paderborn,494817,5741125,419.7,73.3,2020-02-12,
Paderborn,495217,5739603,410.7,149.0,2023-10-20,
Paderborn,494751,5742105,408.0,138.4,2022-03-30,
Paderborn,494741,5742410,403.9,149.0,2022-12-30,
Paderborn,489696,5723981,316.5,70.0,1999-11-15,
Paderborn,490114,5723933,329.0,68.0,2003-09-09,
Paderborn,489532,5723806,313.8,68.0,2004-06-26,
Paderborn,489397,5724120,301.8,64.0,2005-07-30,
Paderborn,489468,5724389,295.5,64.0,2005-07-27,
Paderborn,490111,5723603,329.5,64.0,2016-06-30,
Paderborn,489686,5722998,318.0,68.0,2002-11-05,
Paderborn,489974,5724360,317.1,149.0,2018-05-15,
Paderborn,489855,5724585,318.6,138.4,2018-03-13,
Paderborn,491937,5724153,360.9,138.4,2018-06-07,
Paderborn,489976,5725142,318.3,160.0,2025-11-06,
Paderborn,493978,5721266,338.2,164.0,2025-01-28,
Paderborn,494050,5720659,355.4,160.0,2025-01-28,
Paderborn,480524,5710972,348.2,135.4,2014-07-04,
Paderborn,480479,5710601,331.0,135.0,2014-06-25,
Paderborn,479813,5711351,367.6,119.0,2015-12-22,
Paderborn,479606,5710312,327.3,138.4,2015-07-15,
Paderborn,479296,5710524,337.2,140.0,2015-12-22,
Paderborn,479349,5710115,330.4,130.3,2022-11-16,
Paderborn,478987,5710506,353.4,138.4,2013-10-09,
Paderborn,476859,5709392,339.8,138.4,2015-08-05,
Paderborn,476416,5709809,333.6,138.4,2013-12-31,
Paderborn,476432,5709532,339.1,138.4,2015-08-18,
Paderborn,475929,5709773,327.2,138.4,2014-03-22,
Paderborn,475905,5709364,330.5,78.4,2013-12-18,
Paderborn,475824,5709004,327.2,138.4,2014-04-02,
Paderborn,475495,5709353,320.7,138.4,2014-04-07,
Paderborn,477028,5709783,336.9,138.4,2013-12-20,
Paderborn,477187,5709285,332.5,138.4,2013-12-20,
Paderborn,477694,5709827,333.9,138.4,2013-11-20,
Paderborn,477711,5709377,330.6,138.4,2013-11-20,
Paderborn,478243,5709856,338.8,138.4,2013-11-20,
Paderborn,478229,5709347,337.3,138.4,2013-12-12,
Paderborn,478850,5709957,339.0,138.4,2013-12-12,
Paderborn,478826,5709540,343.2,138.4,2013-12-18,
Paderborn,477739,5708829,335.1,138.4,2013-11-22,
Paderborn,477901,5710364,362.3,138.4,2013-10-02,
Paderborn,478411,5710451,374.7,138.4,2013-10-04,
Paderborn,478849,5711367,365.9,138.4,2013-10-02,
Paderborn,478732,5710840,370.4,138.4,2013-10-02,
Paderborn,479613,5710711,333.7,138.4,2013-12-04,
Paderborn,479499,5711116,371.2,138.4,2013-11-08,
Paderborn,479289,5711314,369.5,138.4,2013-10-18,
Paderborn,490659,5729415,276.6,67.0,2001-02-14,2021-09-30
Paderborn,489326,5730578,241.0,67.0,2001-05-09,2021-01-07
Paderborn,489458,5730764,238.0,67.0,2001-05-15,2021-04-01
Paderborn,490724,5729167,284.5,65.0,1999-09-06,2021-09-30
Paderborn,491125,5729218,296.7,65.0,1998-12-29,2021-03-19
Paderborn,490799,5728721,289.1,67.0,2001-05-10,2021-01-08
Paderborn,490558,5728941,273.8,67.0,2001-05-10,2021-01-08
Paderborn,491128,5728991,300.5,66.8,2001-02-14,2021-09-30
Paderborn,491001,5728531,300.8,67.0,1998-12-23,
Paderborn,490738,5728126,293.2,60.0,2001-04-11,2021-09-22
Paderborn,491142,5728315,307.5,65.0,1998-08-20,2021-03-08
Paderborn,490694,5728389,287.8,66.8,1998-08-27,2021-03-08
Paderborn,491557,5729470,312.8,36.0,1994-09-29,2024-01-01
Paderborn,492935,5730012,338.9,138.4,2017-01-25,
Paderborn,492760,5730271,332.0,138.3,2017-04-24,
Paderborn,493285,5730015,353.0,108.4,2012-06-29,
Paderborn,493239,5730300,352.9,108.4,2012-06-29,
Paderborn,489780,5730699,250.9,113.5,2012-09-27,
Paderborn,489096,5730954,222.9,108.4,2012-10-23,
Paderborn,491845,5730722,327.0,113.5,2014-10-22,
Paderborn,490078,5730667,261.0,113.5,2017-09-30,
Paderborn,490301,5730546,272.2,98.4,2017-09-30,
Paderborn,490453,5730346,279.5,138.4,2020-11-02,
Paderborn,490273,5729987,268.3,140.0,2017-08-26,
Paderborn,490564,5729787,273.3,98.2,2012-10-05,
Paderborn,490206,5729629,264.9,138.4,2017-10-18,
Paderborn,490552,5730004,276.9,138.4,2019-02-01,
Paderborn,492475,5730245,333.8,108.4,2017-04-27,
Paderborn,491176,5729693,301.3,138.4,2013-09-18,
Paderborn,490924,5729498,290.0,138.4,2014-11-06,
Paderborn,491492,5729990,322.0,138.4,2016-03-24,
Paderborn,491341,5729980,317.0,50.0,1994-03-01,
Paderborn,491376,5729811,317.2,50.0,1996-04-25,
Paderborn,490911,5729831,292.0,138.4,2013-03-28,
Paderborn,492618,5729338,321.9,138.4,2016-08-11,
Paderborn,488969,5729518,256.1,138.4,2017-04-28,
Paderborn,490970,5730014,297.2,50.0,1996-01-05,
Paderborn,490214,5729364,265.1,138.4,2017-07-14,
Paderborn,489891,5729364,255.9,138.4,2017-07-28,
Paderborn,490110,5729075,260.0,138.4,2017-08-17,
Paderborn,490121,5728793,267.4,138.4,2017-09-01,
Paderborn,492426,5730590,340.5,65.0,1998-01-14,
Paderborn,492633,5730547,339.6,50.0,1996-10-09,
Paderborn,492880,5730533,336.4,138.4,2014-06-13,
Paderborn,492207,5730767,330.4,113.5,2012-05-15,
Paderborn,492750,5730777,340.1,108.4,2011-09-21,
Paderborn,492065,5730932,340.3,113.5,2010-09-21,
Paderborn,492489,5730980,343.6,108.0,2009-08-13,
Paderborn,492348,5731175,343.0,108.4,2011-03-31,
Paderborn,492118,5731270,341.7,108.4,2011-03-30,
Paderborn,492563,5731273,331.4,138.4,2021-03-10,
Paderborn,492474,5731491,340.1,138.0,2012-06-01,
Paderborn,493791,5730763,328.3,160.0,2021-06-24,
Paderborn,491950,5731518,343.3,108.4,2010-04-16,
Paderborn,491611,5731451,327.0,138.4,2017-11-16,
Paderborn,491662,5731685,336.0,108.4,2012-04-23,
Paderborn,492325,5731687,345.2,138.0,2012-06-01,
Paderborn,491593,5731929,334.0,138.4,2012-04-20,
Paderborn,494730,5731729,352.3,138.4,2012-06-18,
Paderborn,494928,5732200,343.2,108.4,2012-06-22,
Paderborn,495008,5732461,348.3,55.0,1999-04-28,
Paderborn,495573,5732479,356.5,36.0,1992-05-19,
Paderborn,495556,5732602,359.6,36.0,1992-05-19,
Paderborn,495535,5732713,363.0,36.0,1992-05-19,
Paderborn,495519,5732830,365.6,36.0,1992-05-19,
Paderborn,495261,5733085,355.7,108.4,2012-06-14,
Paderborn,495397,5733558,337.4,138.0,2013-10-15,
Paderborn,492503,5730738,341.6,73.3,1998-01-14,
Paderborn,486290,5711225,370.8,149.0,2015-08-31,
Paderborn,488626,5709739,353.9,149.0,2016-09-15,
Paderborn,488720,5709210,367.6,135.4,2016-07-27,
Paderborn,483077,5710887,348.4,149.0,2016-12-21,
Paderborn,483446,5710687,355.3,149.1,2016-09-30,
Paderborn,483875,5711184,343.9,149.1,2016-09-30,
Paderborn,484271,5711073,351.4,149.0,2016-12-13,
Paderborn,484470,5711648,343.3,149.0,2016-12-28,
Paderborn,484887,5711602,342.8,149.0,2016-12-30,
Paderborn,484819,5711055,356.1,149.0,2016-12-15,
Paderborn,485333,5710824,364.9,149.1,2016-09-20,
Paderborn,485377,5711291,357.2,149.1,2016-09-21,
Paderborn,485892,5711347,366.6,149.1,2016-11-30,
Paderborn,486506,5710901,375.4,149.0,2017-01-12,
Paderborn,487896,5710210,341.9,164.0,2023-12-05,
Paderborn,488273,5709753,351.3,164.0,2023-12-07,
Paderborn,486740,5711396,372.2,139.0,2016-03-17,
Paderborn,487212,5711228,330.0,140.6,2016-05-12,
Paderborn,487664,5711153,330.1,140.6,2016-04-29,
Paderborn,488177,5711092,323.8,138.4,2016-02-15,
Paderborn,488502,5710950,323.9,140.6,2016-05-30,
Paderborn,487985,5710673,337.6,140.6,2016-04-25,
Paderborn,487491,5710463,341.3,140.6,2016-04-25,
Paderborn,487390,5710159,339.4,141.0,2017-08-30,
Paderborn,481958,5712413,382.2,50.0,1995-09-27,
Paderborn,482451,5712239,370.6,70.5,2001-12-30,
Paderborn,482868,5711993,342.9,108.4,2014-07-04,
Paderborn,482647,5711828,331.5,138.4,2017-09-20,
Paderborn,482382,5711547,314.9,149.1,2016-03-10,
Paderborn,483007,5711691,321.8,138.4,2014-08-23,
Paderborn,483165,5711539,326.5,138.4,2023-04-05,
Paderborn,483071,5711361,338.7,138.4,2014-12-19,
Paderborn,483707,5711379,331.9,138.4,2014-08-22,
Paderborn,484020,5711594,337.3,140.0,2015-12-18,
Paderborn,482770,5712275,365.4,108.4,2000-12-08,
Paderborn,483511,5711839,342.6,169.0,2025-02-21,
Paderborn,483351,5711145,344.5,169.0,2025-03-05,
Paderborn,482395,5712056,360.9,125.0,2001-12-30,
Paderborn,482290,5712609,374.0,130.6,2026-04-30,
Paderborn,482793,5712848,374.5,50.0,1995-08-16,
Paderborn,483434,5712351,365.0,68.0,1997-06-30,
Paderborn,484058,5712549,379.8,50.0,1997-06-30,
Paderborn,484077,5712099,359.8,70.5,2001-12-19,
Paderborn,485253,5711887,351.5,100.0,2016-06-28,
Paderborn,485834,5712290,354.7,85.0,2016-03-10,
Paderborn,487364,5709329,353.5,65.0,2001-12-19,
Paderborn,487231,5709740,348.0,164.0,2020-09-08,
Paderborn,487356,5709184,354.3,164.0,2023-02-27,
Paderborn,488384,5709137,367.9,164.0,2023-02-16,
Paderborn,486608,5711695,363.4,149.0,2015-03-26,
Paderborn,485632,5712425,364.2,149.0,2015-01-14,
Paderborn,486003,5711794,360.4,149.0,2015-02-27,
Paderborn,485584,5711901,354.9,149.0,2015-05-06,
Paderborn,485430,5712669,365.7,149.0,2015-12-21,
Paderborn,487677,5713062,291.0,149.0,2019-11-15,
Paderborn,487472,5712696,302.0,138.4,2016-12-23,
Paderborn,485575,5713065,328.9,149.0,2016-06-29,
Paderborn,486759,5708783,353.4,98.3,2010-01-22,
Paderborn,487134,5708777,348.2,160.0,2020-10-12,
Paderborn,487571,5708630,355.0,160.0,2022-01-11,
Paderborn,487843,5720657,314.7,149.1,2016-03-30,
Paderborn,494571,5721580,351.4,103.9,2015-12-29,
Paderborn,493895,5721344,335.3,65.0,1997-12-20,
Paderborn,494056,5721293,341.8,65.0,1997-12-22,
Paderborn,494361,5721385,352.2,65.0,1997-12-22,
Paderborn,495031,5721211,358.3,65.0,1997-12-22,
Paderborn,494581,5721165,360.5,66.8,1998-03-26,
Paderborn,494471,5720793,354.7,65.0,1997-12-23,
Paderborn,495063,5720892,362.4,50.0,1998-02-12,
Paderborn,494345,5721128,350.8,50.0,1998-11-20,
Paderborn,493933,5721023,335.0,58.0,1997-12-29,
Paderborn,493661,5721063,336.5,58.0,1997-12-29,
Paderborn,494792,5721244,360.8,149.1,2020-05-13,
Paderborn,493385,5719941,340.6,73.3,1998-02-26,
Paderborn,495129,5719611,341.8,149.1,2016-10-12,
Paderborn,494719,5721426,360.5,65.0,1997-12-20,
Paderborn,494189,5721191,343.3,58.0,1998-09-12,
Paderborn,495063,5720581,368.5,65.0,1997-12-23,
Paderborn,494739,5720148,363.7,100.0,1993-12-02,
Paderborn,494239,5720054,358.7,160.0,2024-12-27,
Paderborn,494150,5719642,340.9,164.0,2018-05-18,
Paderborn,490661,5716817,343.3,160.0,2024-12-27,
Paderborn,490004,5722877,332.4,149.0,2023-05-31,
Paderborn,489701,5723197,313.7,138.4,2022-06-28,
Paderborn,489938,5723816,326.8,138.4,2017-08-25,
Paderborn,490370,5724048,330.9,120.0,2022-09-08,
Paderborn,489988,5723161,329.7,160.0,2023-08-31,
Paderborn,490683,5724102,329.5,160.0,2025-10-10,
Paderborn,491902,5724455,354.9,160.0,2025-10-13,
Paderborn,491228,5724745,332.6,160.0,2025-10-18,
Paderborn,492109,5724247,360.4,134.0,2022-09-08,
Paderborn,490754,5714793,306.4,149.0,2015-11-04,
Paderborn,490517,5715225,305.7,149.0,2015-11-06,
Paderborn,491336,5715239,336.3,149.0,2015-11-04,
Paderborn,491030,5715616,325.1,149.0,2015-11-10,
Paderborn,491680,5715806,320.4,149.0,2015-11-13,
Paderborn,489863,5716129,344.6,149.0,2015-12-16,
Paderborn,490374,5716148,343.7,149.0,2015-12-04,
Paderborn,491168,5716389,336.6,149.0,2015-12-10,
Paderborn,489768,5716473,330.4,149.0,2016-03-31,
Paderborn,490017,5715838,327.0,149.0,2016-04-27,
Paderborn,490769,5716085,313.2,149.0,2016-05-24,
Paderborn,491010,5716920,344.0,149.0,2016-05-27,
Paderborn,491265,5715936,303.4,138.4,2016-04-27,
Paderborn,491777,5716584,318.5,149.0,2016-06-03,
Paderborn,491986,5716115,324.7,149.1,2016-06-22,
Paderborn,490894,5716561,354.7,149.0,2016-03-30,
Paderborn,491581,5716150,306.0,149.0,2016-03-31,
Paderborn,491805,5715544,328.1,149.0,2017-07-14,
Paderborn,487533,5720081,305.2,166.6,2025-05-19,
Paderborn,487306,5720524,302.9,166.6,2025-05-07,
Paderborn,488095,5720266,315.9,166.6,2025-04-14,
Paderborn,485074,5718275,260.4,160.0,2025-05-09,
Paderborn,485334,5717321,284.7,60.0,1999-12-22,2024-08-12
Paderborn,485604,5718811,272.1,69.0,2000-06-08,
Paderborn,485941,5718839,278.8,69.0,2000-10-24,
Paderborn,488718,5720558,311.7,162.0,2026-03-11,
Paderborn,488900,5720939,315.8,162.0,2026-03-11,
Paderborn,488778,5721328,302.2,162.0,2026-03-12,
Paderborn,485968,5718370,281.9,175.0,2026-03-04,
Paderborn,485543,5718113,276.6,175.0,2025-11-07,
Paderborn,486286,5718091,295.3,175.0,2025-11-07,
Paderborn,489354,5721351,307.9,162.0,2026-03-13,
Paderborn,485818,5718812,276.1,160.0,2024-06-17,
Paderborn,485387,5717749,279.3,160.0,2024-06-17,
Paderborn,485560,5718511,272.4,160.0,2024-08-27,
Paderborn,485669,5717506,288.7,160.0,2024-06-11,
Paderborn,485862,5717871,289.3,160.0,2025-07-11,
Paderborn,486158,5717634,298.0,160.0,2024-05-22,
Paderborn,486546,5717619,301.2,160.0,2024-04-26,
Paderborn,486572,5718464,296.3,160.0,2024-12-16,
Paderborn,486749,5718161,299.2,160.0,2025-01-10,
Paderborn,486881,5718937,292.9,160.0,2024-12-16,
Paderborn,487015,5718522,303.4,160.0,2024-12-16,
Paderborn,487184,5719687,286.9,160.0,2025-09-08,
Paderborn,487325,5718892,301.7,160.0,2025-01-02,
Paderborn,487535,5720906,297.1,162.0,2026-04-10,
Paderborn,485191,5719539,265.3,162.0,2025-10-29,
Paderborn,485020,5719934,258.3,162.0,2025-06-06,
Paderborn,489758,5724847,314.2,166.6,2025-11-06,
