standort,cluster,sektormitte_grad,sektorgewicht_0_bis_1,rauigkeitslaenge_sektor_m,waldanteil_sektor_0_bis_1,freie_windgeschwindigkeit_m_pro_s
Alpen-Sevelen,AS-01,0,0.0209172545535058,0.2106193846449817,0.2320136589453318,4.44
Alpen-Sevelen,AS-01,30,0.0291580281196095,0.1959514779047031,0.0505036472001694,4.756666666666667
Alpen-Sevelen,AS-01,60,0.0510844000118898,0.1817961576649736,0.0273297700334462,5.396666666666667
Alpen-Sevelen,AS-01,90,0.0455330186547237,0.2256373934593227,0.0614349639806138,5.446666666666666
Alpen-Sevelen,AS-01,120,0.0190074136346494,0.1952360223405132,0.0357796463803788,4.546666666666667
Alpen-Sevelen,AS-01,150,0.0792623938753332,0.3400890045493213,0.0772911117855736,6.236666666666667
Alpen-Sevelen,AS-01,180,0.1093895802117214,0.2575691440045511,0.1355494576815436,6.640000000000001
Alpen-Sevelen,AS-01,210,0.20740621341213,0.279007692774985,0.4698397241076882,7.1000000000000005
Alpen-Sevelen,AS-01,240,0.240825093079489,0.2259139682329859,0.2000574678424886,7.163333333333334
Alpen-Sevelen,AS-01,270,0.1132367721042929,0.2133208710790284,0.0204777879075455,6.359999999999999
Alpen-Sevelen,AS-01,300,0.0543371346337571,0.2556302002901613,0.091533626605877,5.413333333333334
Alpen-Sevelen,AS-01,330,0.0298426977088975,0.2386376456918577,0.3116543917126314,4.773333333333333
Alpen-Sevelen,AS-02,0,0.0189357455765609,0.3001922872598425,0.0461646328259882,4.41
Alpen-Sevelen,AS-02,30,0.0244192852916313,0.2177690837710699,0.0167570245471882,4.645
Alpen-Sevelen,AS-02,60,0.0486500357160729,0.3300380690597161,0.022870538674713,5.365
Alpen-Sevelen,AS-02,90,0.0489910897626338,0.3607305869302799,0.0324268150432518,5.625
Alpen-Sevelen,AS-02,120,0.0172358404072999,0.3116530178854048,0.0185954527322069,4.495
Alpen-Sevelen,AS-02,150,0.0631276759460517,0.1702566086990762,0.0125808623222024,5.82
Alpen-Sevelen,AS-02,180,0.1259585225998861,0.2655631272537169,0.0093867438628346,6.7
Alpen-Sevelen,AS-02,210,0.2109438530713225,0.28467196777403,0.0161502894654134,7.195
Alpen-Sevelen,AS-02,240,0.2439793486671529,0.2235042316780228,0.0410378525171073,7.245
Alpen-Sevelen,AS-02,270,0.1118463213575907,0.2221305311188929,0.0228562652294453,6.345
Alpen-Sevelen,AS-02,300,0.0555913789894179,0.2270958182232063,0.0382703870982045,5.4350000000000005
Alpen-Sevelen,AS-02,330,0.0303209026143788,0.1102976804700043,0.0124422940600675,4.75
Alpen-Sevelen,AS-03,0,0.0189769640378611,0.2323351354014645,0.1525450249914507,4.335
Alpen-Sevelen,AS-03,30,0.0286171108741619,0.2329910009385062,0.1896589200573776,4.68
Alpen-Sevelen,AS-03,60,0.0561532103496957,0.2445611383384172,0.0709318852067841,5.58
Alpen-Sevelen,AS-03,90,0.0299613042566805,0.2589373136262864,0.0470832358077008,5.025
Alpen-Sevelen,AS-03,120,0.0228149698124366,0.1992664451466015,0.0077695357915074,4.695
Alpen-Sevelen,AS-03,150,0.1004623164790479,0.2191207820299773,0.0093445430968561,6.54
Alpen-Sevelen,AS-03,180,0.0803805027196045,0.2563973828372961,0.1397014599550909,6.11
Alpen-Sevelen,AS-03,210,0.2002487330055332,0.25944691740912,0.1788782453015147,7.165
Alpen-Sevelen,AS-03,240,0.2677938815879458,0.2530904353335133,0.2163889815701765,7.305
Alpen-Sevelen,AS-03,270,0.1127668880355085,0.1669026232086403,0.0466604973490706,6.390000000000001
Alpen-Sevelen,AS-03,300,0.0551290657521083,0.1953161999282762,0.0533390320423058,5.4350000000000005
Alpen-Sevelen,AS-03,330,0.0266950530894156,0.2735994884765815,0.059790393161343,4.69
Alpen-Sevelen,AS-04,0,0.0207942875378892,0.265807495633781,0.1964169244289136,4.4275
Alpen-Sevelen,AS-04,30,0.0301358876485957,0.2216466256261705,0.0829903290901393,4.7525
Alpen-Sevelen,AS-04,60,0.0538348819485401,0.2840833926024848,0.1737070081120932,5.5325
Alpen-Sevelen,AS-04,90,0.0298200380309625,0.3305410297163205,0.0748524585406288,5.04
Alpen-Sevelen,AS-04,120,0.0202333552711264,0.2872697244221763,0.0259416047891176,4.5425
Alpen-Sevelen,AS-04,150,0.1014904910946107,0.1988237231834619,0.0078864265103791,6.5675
Alpen-Sevelen,AS-04,180,0.0889971608564003,0.2029526120190052,0.0087936663124479,6.33
Alpen-Sevelen,AS-04,210,0.1985348118768153,0.2842862843685333,0.0291939972784417,7.16
Alpen-Sevelen,AS-04,240,0.264815322525133,0.2150247968588453,0.042674050540133,7.305
Alpen-Sevelen,AS-04,270,0.1102003393166436,0.1678995051260371,0.0380150581708052,6.3475
Alpen-Sevelen,AS-04,300,0.0539233071042607,0.2570451644949497,0.0505481180611398,5.405
Alpen-Sevelen,AS-04,330,0.027220116789022,0.2221388121511425,0.1751625751445455,4.705
Alpen-Sevelen,AS-05,0,0.0197840767886385,0.2384353305898839,0.1037531945957836,4.38
Alpen-Sevelen,AS-05,30,0.0273779328934839,0.3104516192103954,0.1194401343427657,4.66
Alpen-Sevelen,AS-05,60,0.0528485037469195,0.2307365077215986,0.1314744985739896,5.576666666666667
Alpen-Sevelen,AS-05,90,0.0265378220723624,0.346768445621318,0.1475020082902105,4.913333333333333
Alpen-Sevelen,AS-05,120,0.0185869317732377,0.3565565695573651,0.2907906584872674,4.483333333333333
Alpen-Sevelen,AS-05,150,0.0975436435357383,0.3491050915489233,0.1825949876471141,6.4433333333333325
Alpen-Sevelen,AS-05,180,0.0933452425384116,0.1907722648476254,0.0405160931719818,6.413333333333334
Alpen-Sevelen,AS-05,210,0.203871467630055,0.2185263565000981,0.0060696561358607,7.296666666666667
Alpen-Sevelen,AS-05,240,0.2687922583670633,0.2301418453894361,0.0058286108729654,7.426666666666667
Alpen-Sevelen,AS-05,270,0.1118984474769942,0.1561108908051207,0.0470607454310727,6.390000000000001
Alpen-Sevelen,AS-05,300,0.0531109222212769,0.2679634232703509,0.0370255864025187,5.396666666666666
Alpen-Sevelen,AS-05,330,0.0263027509558181,0.2376668288883142,0.1868096300744182,4.66
Alpen-Sevelen,AS-06,0,0.0197568812636122,0.2501849496758503,0.1923453167033504,4.37
Alpen-Sevelen,AS-06,30,0.0280924376774316,0.2660469599154392,0.0215493559611745,4.69
Alpen-Sevelen,AS-06,60,0.0514268195084271,0.2396003516740966,0.0880391557051085,5.54
Alpen-Sevelen,AS-06,90,0.0264559849971929,0.3331996316487867,0.1592828295190307,4.91
Alpen-Sevelen,AS-06,120,0.0182020521355508,0.3354336721382833,0.2360804513122394,4.42
Alpen-Sevelen,AS-06,150,0.102119027047258,0.2925904487894084,0.0623781676413255,6.54
Alpen-Sevelen,AS-06,180,0.0920395137625272,0.199457011872694,0.0039148519696598,6.4
Alpen-Sevelen,AS-06,210,0.1993824481491362,0.2294459505663754,0.0053835800807537,7.18
Alpen-Sevelen,AS-06,240,0.267151895458147,0.2609391214925886,0.0050668457359135,7.38
Alpen-Sevelen,AS-06,270,0.1137334612765923,0.173949648577417,0.028360124686755,6.4
Alpen-Sevelen,AS-06,300,0.0548948250667919,0.2274487750470892,0.0414204787720046,5.46
Alpen-Sevelen,AS-06,330,0.0267446536573323,0.2256204390978727,0.0488597351642962,4.69
Altenmellrich,AM-01,0,0.0061240958945976,0.1415475044990894,0.0262075706671343,2.9775
Altenmellrich,AM-01,30,0.0082969785480711,0.1173702643225425,0.0324658418910616,3.1675
Altenmellrich,AM-01,60,0.0148296532796028,0.1389943960940175,0.125386636369458,3.705
Altenmellrich,AM-01,90,0.0275416476483583,0.1976056129996144,0.040736493211836,4.475
Altenmellrich,AM-01,120,0.0335151357138031,0.4548062710011866,0.0200887881898922,4.85
Altenmellrich,AM-01,150,0.0381301335550991,0.5836768333181206,0.111133166945642,4.745
Altenmellrich,AM-01,180,0.1775573359724794,0.6296082479140234,0.2296957386195224,6.795
Altenmellrich,AM-01,210,0.2965545750438507,0.7255956024446228,0.2320506881558191,6.83
Altenmellrich,AM-01,240,0.2309609932204728,0.4704194680330804,0.1015402719897823,6.297499999999999
Altenmellrich,AM-01,270,0.1102665890688048,0.2038757102384871,0.1538534412213361,5.405
Altenmellrich,AM-01,300,0.044723163831282,0.2083854444213984,0.0947408751878358,4.41
Altenmellrich,AM-01,330,0.0114996982235776,0.1971625275372535,0.0183955743498773,3.375
Altenmellrich,AM-02,0,0.0063803193472049,0.139883313237178,0.0545805600637064,3.14
Altenmellrich,AM-02,30,0.0081625307440402,0.121236777484756,0.0812463602624653,3.3
Altenmellrich,AM-02,60,0.0131049293455146,0.2092849829079494,0.0829479908622852,3.755
Altenmellrich,AM-02,90,0.024826822736519,0.1442634339468924,0.0230303277218488,4.52
Altenmellrich,AM-02,120,0.0267335819567059,0.5877075635801545,0.0421061170941652,4.58
Altenmellrich,AM-02,150,0.0327334716012972,0.586631718910372,0.2042731298860719,4.73
Altenmellrich,AM-02,180,0.1761861867713385,0.6573871204430117,0.4379601739125797,7.26
Altenmellrich,AM-02,210,0.3146469711778021,0.7441279661065212,0.4773893919201624,7.415
Altenmellrich,AM-02,240,0.2419998090292345,0.5532877605814697,0.1478416291362683,6.755
Altenmellrich,AM-02,270,0.1048636954840018,0.2191058259301857,0.1232216971697169,5.545
Altenmellrich,AM-02,300,0.0387869170957137,0.1927422923237516,0.130822665620075,4.404999999999999
Altenmellrich,AM-02,330,0.0115747647106271,0.1795809515282011,0.016112795532867,3.53
Altenmellrich,AM-03,0,0.0053122795093163,0.1316671064387651,0.082113592685905,2.9766666666666666
Altenmellrich,AM-03,30,0.0066856040233898,0.1886051480771759,0.0983963188765723,3.17
Altenmellrich,AM-03,60,0.0104527058110679,0.2896507617928227,0.3260758905536882,3.58
Altenmellrich,AM-03,90,0.0264350124535312,0.2144171467173108,0.1492654053606126,4.666666666666667
Altenmellrich,AM-03,120,0.0406889459017582,0.3880557254776178,0.021244655321265,5.263333333333333
Altenmellrich,AM-03,150,0.0444735023717652,0.5733118191114271,0.1530806433731006,5.3500000000000005
Altenmellrich,AM-03,180,0.1450075217118627,0.5899386767407503,0.1479063626626161,7.123333333333334
Altenmellrich,AM-03,210,0.3031517140048171,0.5937379330922128,0.0550625369227148,7.503333333333333
Altenmellrich,AM-03,240,0.2432594371241447,0.5209684191099541,0.0269719997985873,6.78
Altenmellrich,AM-03,270,0.1199823039369521,0.1793521738802687,0.0495918970203898,5.81
Altenmellrich,AM-03,300,0.0435007204139718,0.150675840995671,0.0927769720162164,4.566666666666666
Altenmellrich,AM-03,330,0.0110502527374223,0.1238500912793844,0.0518640936018579,3.4066666666666667
Altenmellrich,AM-04,0,0.0058416385964981,0.2360749015576486,0.2125748502994012,3.2
Altenmellrich,AM-04,30,0.0076876202121092,0.2040375776659823,0.3380900109769484,3.53
Altenmellrich,AM-04,60,0.0114272216785729,0.2214501333553897,0.0419576136224427,4.0
Altenmellrich,AM-04,90,0.0275646738666566,0.2353496090405282,0.0088663323957441,4.97
Altenmellrich,AM-04,120,0.0548633675865477,0.3961808331141637,0.1150907646231892,5.99
Altenmellrich,AM-04,150,0.0555521370710822,0.4458163987435918,0.37296008801418,5.93
Altenmellrich,AM-04,180,0.1452886777809316,0.5480065893440809,0.4392288861689106,7.59
Altenmellrich,AM-04,210,0.2799183004265607,0.6730865422647476,0.6190271992158785,7.5
Altenmellrich,AM-04,240,0.2305928776868461,0.6343784071891768,0.1282473472374679,6.92
Altenmellrich,AM-04,270,0.1200582774411122,0.1426965741210234,0.0061117222833394,6.12
Altenmellrich,AM-04,300,0.0475965517857391,0.1935278834565177,0.2084708470847084,4.86
Altenmellrich,AM-04,330,0.0136086558673433,0.1538686136660034,0.2725939505041246,3.71
Bad Berleburg,BB-01,0,0.0488583259345201,0.591832051720188,0.5032407973584444,5.04
Bad Berleburg,BB-01,30,0.049246859800055,0.5676923847186031,0.4817442358265549,5.06
Bad Berleburg,BB-01,60,0.0662756066898607,0.5199396427902077,0.4111681329423265,5.87
Bad Berleburg,BB-01,90,0.0787838966946154,0.4355289761814426,0.3634141870837661,6.4
Bad Berleburg,BB-01,120,0.0690130393504021,0.4470466651819645,0.1433294557031776,5.99
Bad Berleburg,BB-01,150,0.0581839080813505,0.4506491210533836,0.2254010858293174,5.5
Bad Berleburg,BB-01,180,0.086085448214206,0.4850333180738351,0.4015661323871283,6.69
Bad Berleburg,BB-01,210,0.1249532605300371,0.5922219167375559,0.577031154551008,8.06
Bad Berleburg,BB-01,240,0.1309137931830387,0.5826791102213503,0.4892095127468362,8.25
Bad Berleburg,BB-01,270,0.1312313522978893,0.7004001149699461,0.6417746272305059,8.26
Bad Berleburg,BB-01,300,0.0926395529013862,0.6663132203278856,0.6857491608178212,6.94
Bad Berleburg,BB-01,330,0.0638149563226385,0.6088093477105117,0.6323232323232323,5.76
Bad Berleburg,BB-02,0,0.054778323380787,0.4857219402566277,0.5292392300641613,5.73
Bad Berleburg,BB-02,30,0.0454611583749542,0.6193986275974037,0.4483434380549941,5.22
Bad Berleburg,BB-02,60,0.0616746438305335,0.6624690058738403,0.4625846191376471,6.08
Bad Berleburg,BB-02,90,0.0751180891644933,0.5345827676801498,0.2364414552124732,6.71
Bad Berleburg,BB-02,120,0.0731165128626762,0.4112262733183033,0.237355757426958,6.62
Bad Berleburg,BB-02,150,0.082923519330719,0.4498503947572358,0.3625190142987526,7.05
Bad Berleburg,BB-02,180,0.0843409897200029,0.4661487456662019,0.4489883244697109,7.11
Bad Berleburg,BB-02,210,0.125701060566828,0.6113982233155584,0.5613831798499725,8.68
Bad Berleburg,BB-02,240,0.1228214067392575,0.6772435181001591,0.4710025108702309,8.58
Bad Berleburg,BB-02,270,0.1309685246829377,0.637177902366648,0.5691151307748716,8.86
Bad Berleburg,BB-02,300,0.0869708844641508,0.6338752512852781,0.7043144891377107,7.22
Bad Berleburg,BB-02,330,0.0561248868826596,0.6152234946462047,0.5603289554437216,5.8
Bad Berleburg,BB-03,0,0.0517052199159723,0.5283874256109418,0.1910901979956001,5.09
Bad Berleburg,BB-03,30,0.0552166829117981,0.6063135874670527,0.2868957129826695,5.26
Bad Berleburg,BB-03,60,0.0718457901959234,0.5598479941829032,0.3986735445836404,6.0
Bad Berleburg,BB-03,90,0.0706533496503105,0.5199684205805505,0.2981769240181084,5.95
Bad Berleburg,BB-03,120,0.061473054236387,0.4793289870344169,0.3314764936336924,5.55
Bad Berleburg,BB-03,150,0.0769630066026281,0.4694332223109243,0.1778130339272638,6.21
Bad Berleburg,BB-03,180,0.0779576716535627,0.4461628249397672,0.1500366837857666,6.25
Bad Berleburg,BB-03,210,0.1143643284055104,0.4437650993508878,0.1339883328216149,7.57
Bad Berleburg,BB-03,240,0.1388132512375437,0.5762100912711607,0.417452113104287,8.34
Bad Berleburg,BB-03,270,0.1319106669444704,0.7109607808325824,0.5209072013693605,8.13
Bad Berleburg,BB-03,300,0.0928255592196908,0.6417305085525343,0.5319421563243639,6.82
Bad Berleburg,BB-03,330,0.0562714190262021,0.5847611243544266,0.3173359451518119,5.31
Bad Berleburg,BB-04,0,0.0381220377625896,0.5591813987067502,0.5431993156544055,4.64
Bad Berleburg,BB-04,30,0.0440901155846954,0.6984568116696042,0.5103868413036856,4.99
Bad Berleburg,BB-04,60,0.0553303938860535,0.6302385491913476,0.638682774268719,5.59
Bad Berleburg,BB-04,90,0.093585586804324,0.6025187541967585,0.4477575461322253,7.27
Bad Berleburg,BB-04,120,0.0852823358530703,0.4762640514269264,0.2072039072039072,6.94
Bad Berleburg,BB-04,150,0.0845466182043283,0.4424831900448386,0.2558580605689813,6.91
Bad Berleburg,BB-04,180,0.0711735555277362,0.4476855368760235,0.399926641398704,6.34
Bad Berleburg,BB-04,210,0.1170364761904593,0.4520113185594588,0.3722099583026735,8.13
Bad Berleburg,BB-04,240,0.1393116338828167,0.6047105662775143,0.3687161050514898,8.87
Bad Berleburg,BB-04,270,0.1276308103323443,0.6219120286861113,0.3773757868361547,8.49
Bad Berleburg,BB-04,300,0.0887578270707618,0.6342980461790941,0.3248103743577196,7.08
Bad Berleburg,BB-04,330,0.0551326089008201,0.4980740218517221,0.3979242979242979,5.58
Bad Berleburg,BB-05,0,0.0342938794503243,0.6527791341570779,0.6961623075042777,4.27
Bad Berleburg,BB-05,30,0.0449757676948868,0.6667352585968698,0.589104395938469,4.89
Bad Berleburg,BB-05,60,0.0639290096062135,0.6151789632433518,0.5083507306889353,5.83
Bad Berleburg,BB-05,90,0.0903290278131226,0.5888997317611662,0.2684834412807039,6.93
Bad Berleburg,BB-05,120,0.0661409233573766,0.5415491396333083,0.279956161714564,5.93
Bad Berleburg,BB-05,150,0.0575189738375368,0.486781651064294,0.2188688504477978,5.53
Bad Berleburg,BB-05,180,0.0874841982649643,0.4131057440128873,0.2338956117834005,6.82
Bad Berleburg,BB-05,210,0.1194751294185845,0.4353180736605102,0.4739589730991279,7.97
Bad Berleburg,BB-05,240,0.1443341434279359,0.5567157058450354,0.2449364393893315,8.76
Bad Berleburg,BB-05,270,0.1483155881800295,0.5642386945102644,0.2279586973788721,8.88
Bad Berleburg,BB-05,300,0.0942816951159026,0.6619404268220972,0.5165961101908092,7.08
Bad Berleburg,BB-05,330,0.0489216638331223,0.5081939558908425,0.6067080594107621,5.1
Bad Berleburg,BB-06,0,0.0311047698043301,0.6040506281075227,0.5451488659289601,3.76
Bad Berleburg,BB-06,30,0.0424014142531992,0.6128327325569016,0.5920874800344023,4.39
Bad Berleburg,BB-06,60,0.0722371404275541,0.6138594139054269,0.3835541509663304,5.73
Bad Berleburg,BB-06,90,0.0859431636544848,0.5401421438752176,0.2681837646051263,6.25
Bad Berleburg,BB-06,120,0.0938161624851077,0.5626703784826319,0.5231373511722106,6.53
Bad Berleburg,BB-06,150,0.0826746282580022,0.5321005682891115,0.2945042906700748,6.13
Bad Berleburg,BB-06,180,0.0729955304054537,0.4652757493858058,0.2251024026410711,5.76
Bad Berleburg,BB-06,210,0.1297698318319177,0.3943731102355697,0.2919815668202765,7.68
Bad Berleburg,BB-06,240,0.1454227633601054,0.5520420740480946,0.5213955750060782,8.13
Bad Berleburg,BB-06,270,0.1335138185606431,0.5894125224507594,0.558843308675185,7.79
Bad Berleburg,BB-06,300,0.0675259699614204,0.6704569662897586,0.6180999330533747,5.54
Bad Berleburg,BB-06,330,0.0425948069977811,0.538118518178801,0.6930158340493433,4.4
Bad Berleburg,BB-07,0,0.037562541794672,0.5570026318470602,0.5618698441796517,4.89
Bad Berleburg,BB-07,30,0.0456367579791399,0.5945133621983216,0.4478430416768218,5.39
Bad Berleburg,BB-07,60,0.0678059794126337,0.6384555449752487,0.3782574038874241,6.57
Bad Berleburg,BB-07,90,0.0839405882207867,0.5922939211534247,0.5411038445082819,7.31
Bad Berleburg,BB-07,120,0.0722098831233644,0.5849767629804237,0.4392918402352365,6.78
Bad Berleburg,BB-07,150,0.0675997256023184,0.5622298506620464,0.4240761068422978,6.56
Bad Berleburg,BB-07,180,0.0943497294901949,0.545480125596002,0.3598704710698356,7.75
Bad Berleburg,BB-07,210,0.1326686399799684,0.4050462385162332,0.3084232466895537,9.19
Bad Berleburg,BB-07,240,0.1405787013801412,0.5483361222637884,0.5342958089668616,9.46
Bad Berleburg,BB-07,270,0.1219239631897426,0.702430796881496,0.5766739980449658,8.81
Bad Berleburg,BB-07,300,0.0902559133815681,0.5659497111953111,0.6273708605232664,7.58
Bad Berleburg,BB-07,330,0.0454675764454692,0.5495409057814932,0.5913432104812049,5.38
Borken-Coesfeld,BC-01,0,0.0179337174788119,0.220636510715495,0.1338072573867766,4.743333333333333
Borken-Coesfeld,BC-01,30,0.0244801015074268,0.1952669347811351,0.0878450178821633,5.14
Borken-Coesfeld,BC-01,60,0.0438561943457535,0.2248256995542595,0.1224164245290435,5.8566666666666665
Borken-Coesfeld,BC-01,90,0.0681929568019544,0.2432411037486018,0.0646600381482963,6.640000000000001
Borken-Coesfeld,BC-01,120,0.0466682383146819,0.2610433720552177,0.0622116204645009,6.183333333333334
Borken-Coesfeld,BC-01,150,0.0346045983626175,0.3121297551458667,0.1314953537494459,5.703333333333333
Borken-Coesfeld,BC-01,180,0.1030717816192779,0.201876284630823,0.1056935189571075,7.239999999999999
Borken-Coesfeld,BC-01,210,0.2391093230735806,0.2311023180033677,0.1346651381875061,7.986666666666667
Borken-Coesfeld,BC-01,240,0.2418237320250517,0.2298223943224027,0.1455119003153879,7.713333333333334
Borken-Coesfeld,BC-01,270,0.1019352986776397,0.3249071569352826,0.2091482784850431,6.62
Borken-Coesfeld,BC-01,300,0.0520052656122122,0.2942733574652023,0.3290337959670525,5.786666666666666
Borken-Coesfeld,BC-01,330,0.0263187921809915,0.296068712564048,0.244495723618099,5.069999999999999
Borken-Coesfeld,BC-02,0,0.0175450348702489,0.1716845402738615,0.148570206525724,4.825
Borken-Coesfeld,BC-02,30,0.0230876368292128,0.2107182155883043,0.1357712307819768,5.15
Borken-Coesfeld,BC-02,60,0.0439388866748152,0.2621949754425395,0.0578596861378427,5.93
Borken-Coesfeld,BC-02,90,0.0683042393305903,0.208187698258739,0.1123348972751089,6.755000000000001
Borken-Coesfeld,BC-02,120,0.0463978040167358,0.2696484316373275,0.247973919931753,6.28
Borken-Coesfeld,BC-02,150,0.0318575678136801,0.1985037266758262,0.1711544322532757,5.69
Borken-Coesfeld,BC-02,180,0.0920714995938263,0.3588255539442742,0.3528438167341751,7.15
Borken-Coesfeld,BC-02,210,0.2328191181815987,0.2594869557578048,0.2932926466199103,8.120000000000001
Borken-Coesfeld,BC-02,240,0.2548218891204494,0.1904528257111701,0.0551169551169551,8.05
Borken-Coesfeld,BC-02,270,0.1086520756922487,0.2539090478674166,0.0585107409541991,6.9350000000000005
Borken-Coesfeld,BC-02,300,0.0539315623442527,0.314595604553643,0.0940379170324242,5.945
Borken-Coesfeld,BC-02,330,0.0265726855323405,0.1864479175266273,0.1505988825438043,5.165
Borken-Coesfeld,BC-03,0,0.0172944322401553,0.2645121514826233,0.0418312770272851,4.73
Borken-Coesfeld,BC-03,30,0.0257604682998703,0.272776987411174,0.087619159347951,5.135
Borken-Coesfeld,BC-03,60,0.0524686022036359,0.2719891435997393,0.1863160160006413,6.045
Borken-Coesfeld,BC-03,90,0.0718889246863212,0.38912254119889,0.3384795771537757,6.455
Borken-Coesfeld,BC-03,120,0.0318239599044699,0.447617645658721,0.1940605400376756,5.41
Borken-Coesfeld,BC-03,150,0.0271600012254517,0.4233921332106056,0.2532118297175175,5.175000000000001
Borken-Coesfeld,BC-03,180,0.1070034643607968,0.3440723826235042,0.1453566747039035,6.98
Borken-Coesfeld,BC-03,210,0.2275416765957004,0.335275250393138,0.1525018892702538,7.69
Borken-Coesfeld,BC-03,240,0.2469460952018752,0.2651727724156819,0.1074843404185722,7.655
Borken-Coesfeld,BC-03,270,0.1133609053841319,0.1937583102281952,0.098855825681058,6.699999999999999
Borken-Coesfeld,BC-03,300,0.0510820515005756,0.2122701530417753,0.0876199748350933,5.715
Borken-Coesfeld,BC-03,330,0.0276694183970153,0.3055365890257348,0.1080671431616535,5.135
Borken-Coesfeld,BC-04,0,0.0177090181814246,0.2793178545021533,0.2771250145939792,4.788333333333333
Borken-Coesfeld,BC-04,30,0.0260639413324736,0.2732674050013233,0.3888605739753314,5.206666666666667
Borken-Coesfeld,BC-04,60,0.0536296940055942,0.2588708575147291,0.2263093120447268,6.056666666666668
Borken-Coesfeld,BC-04,90,0.0733360920340844,0.4451254058764224,0.1851892737841223,6.501666666666666
Borken-Coesfeld,BC-04,120,0.0301697448571034,0.5777726020873071,0.213243772533111,5.456666666666667
Borken-Coesfeld,BC-04,150,0.0282241077355238,0.4023131025955788,0.1518313259461868,5.258333333333334
Borken-Coesfeld,BC-04,180,0.1050483637612893,0.372507421759032,0.2111994003096478,7.006666666666667
Borken-Coesfeld,BC-04,210,0.2247239362942937,0.3908059516632532,0.3181945208038864,7.645
Borken-Coesfeld,BC-04,240,0.2462732726675417,0.2651338615648033,0.151726847892989,7.648333333333333
Borken-Coesfeld,BC-04,270,0.1143575394354524,0.1933432339716822,0.0996485940274004,6.760000000000001
Borken-Coesfeld,BC-04,300,0.0517494206258689,0.2348648002955329,0.0715505075832949,5.81
Borken-Coesfeld,BC-04,330,0.0287148690693494,0.2847341382136217,0.0571311292198387,5.203333333333333
Borken-Coesfeld,BC-05,0,0.0166675489727901,0.3172789618569158,0.2615125876280271,4.73
Borken-Coesfeld,BC-05,30,0.0238593800445438,0.2189386388536457,0.155579416564872,5.146666666666667
Borken-Coesfeld,BC-05,60,0.0454518263363581,0.1956410680314997,0.2365249401893248,5.876666666666666
Borken-Coesfeld,BC-05,90,0.0738304375648107,0.3025860506110358,0.1326067355739519,6.55
Borken-Coesfeld,BC-05,120,0.0313459859278047,0.4484645026093809,0.0774780060849679,5.623333333333334
Borken-Coesfeld,BC-05,150,0.0257459484846535,0.5046317199617242,0.207546269724852,5.326666666666667
Borken-Coesfeld,BC-05,180,0.0944458012878562,0.3950851564134972,0.3916462780804602,6.976666666666667
Borken-Coesfeld,BC-05,210,0.2382856393300965,0.334620777145229,0.2024096015444757,8.036666666666667
Borken-Coesfeld,BC-05,240,0.2582504110726724,0.2161159122122201,0.1256880926987037,8.006666666666666
Borken-Coesfeld,BC-05,270,0.1126469009218175,0.2945305059140695,0.1981912558439843,6.94
Borken-Coesfeld,BC-05,300,0.0516583493100416,0.3084363099697874,0.2897351549171184,5.863333333333333
Borken-Coesfeld,BC-05,330,0.0278117707465547,0.2551162251243588,0.2469170776617941,5.193333333333333
Borken-Coesfeld,BC-06,0,0.0177348055890909,0.3188424404507076,0.1313575870277455,4.875
Borken-Coesfeld,BC-06,30,0.0253768291963802,0.2268905268984558,0.0469886170028926,5.365
Borken-Coesfeld,BC-06,60,0.0500889835164587,0.2094364088352808,0.1129256787976308,6.085
Borken-Coesfeld,BC-06,90,0.0756665496711571,0.2419955124688274,0.3878499770850288,6.4
Borken-Coesfeld,BC-06,120,0.0345628775156701,0.3438200492858007,0.1428608618187171,5.4125
Borken-Coesfeld,BC-06,150,0.0229171927801661,0.3443930285450438,0.0315248703322626,4.9125
Borken-Coesfeld,BC-06,180,0.0769336692000279,0.4443711121919973,0.0391577311408909,6.645
Borken-Coesfeld,BC-06,210,0.2210146481447877,0.4275493526380832,0.1688044485232476,7.82
Borken-Coesfeld,BC-06,240,0.2709471088067805,0.2835219125666031,0.3035632231514424,7.8125
Borken-Coesfeld,BC-06,270,0.1190852075068871,0.2277411192493856,0.1400398684853845,6.795
Borken-Coesfeld,BC-06,300,0.059212478805961,0.2105015522674828,0.119083651158681,5.942500000000001
Borken-Coesfeld,BC-06,330,0.026459649266632,0.2702297468281159,0.3463976814368414,5.09
Lorup,LO-01,0,0.0175561287175705,0.1349676152846995,0.1171940885826353,4.8225
Lorup,LO-01,30,0.0211666701889609,0.1108696272984297,0.0134106799165482,5.0125
Lorup,LO-01,60,0.035004768153022,0.1081875622907033,0.0032471640163492,5.577500000000001
Lorup,LO-01,90,0.0607228971402341,0.1591599898337402,0.0029502917253182,6.3925
Lorup,LO-01,120,0.0621836780234736,0.3695140103037076,0.0355871662814296,6.5425
Lorup,LO-01,150,0.0412634948390475,0.1980292342854892,0.2701241496691941,6.0775
Lorup,LO-01,180,0.0772992218133169,0.292208758658919,0.3218994775798426,7.0600000000000005
Lorup,LO-01,210,0.2140075089627332,0.3007533355292512,0.2055802087354064,8.25
Lorup,LO-01,240,0.2356265582090626,0.2737105297843017,0.021243855834809,8.2375
Lorup,LO-01,270,0.1313735763332376,0.135436470391335,0.0346709807023131,7.3075
Lorup,LO-01,300,0.0697964688986571,0.1265808847866492,0.0194093087862297,6.27
Lorup,LO-01,330,0.0339990287206835,0.1540704429493965,0.1066650048773297,5.3775
Lorup,LO-02,0,0.0177442114999025,0.1008590733942119,0.044177724377692,4.8221428571428575
Lorup,LO-02,30,0.0219654751661371,0.1234998093567401,0.0185536836708591,5.07
Lorup,LO-02,60,0.0334191063546101,0.1724309037708556,0.3172540554990171,5.512142857142857
Lorup,LO-02,90,0.0546351226679978,0.3438329118683767,0.23258192602153,6.251428571428571
Lorup,LO-02,120,0.0665902907842158,0.2331404165880204,0.309732406997268,6.636428571428572
Lorup,LO-02,150,0.0415366082550204,0.2703547065990211,0.4288213972835668,6.112857142857143
Lorup,LO-02,180,0.0823677781317673,0.2559899717313962,0.3700272617528864,7.125
Lorup,LO-02,210,0.219636971937055,0.3440595567628411,0.2374267925270242,8.230714285714287
Lorup,LO-02,240,0.2296667412603752,0.3193732466660884,0.2200842814261414,8.109285714285715
Lorup,LO-02,270,0.1292600826627894,0.2525251096292699,0.3701287576212638,7.206428571428572
Lorup,LO-02,300,0.0692082834777953,0.2090795631026418,0.3906535135349037,6.235714285714286
Lorup,LO-02,330,0.0339693278023333,0.153704043607129,0.1704262077424612,5.344285714285713
Lorup,LO-03,0,0.0173349107894611,0.1584327849138594,0.3898249089832784,4.786
Lorup,LO-03,30,0.022081302711154,0.1010389806804491,0.0436683922923152,5.1
Lorup,LO-03,60,0.0324504373885671,0.3075157773937503,0.3369163458946547,5.546
Lorup,LO-03,90,0.0563783372594504,0.432806278656405,0.0809706657060377,6.338
Lorup,LO-03,120,0.074069012747231,0.1541651073552361,0.0855082888508496,6.958
Lorup,LO-03,150,0.0448624606515455,0.1960324861788769,0.3079347571653922,6.282
Lorup,LO-03,180,0.0827707568219134,0.2380646635280116,0.2069545944887826,7.252
Lorup,LO-03,210,0.2227989000674325,0.1963840333560709,0.1653264507925711,8.356
Lorup,LO-03,240,0.2157642417516225,0.4238374380450654,0.5626742053944694,7.936
Lorup,LO-03,270,0.1273087221870392,0.2743062551509594,0.1618174140561927,7.248
Lorup,LO-03,300,0.0703408034925381,0.2021629260286576,0.1833180007286086,6.279999999999999
Lorup,LO-03,330,0.0338401141320448,0.1913614132452606,0.3280498469206513,5.356
Ostfriesland,OF-01,0,0.0266824257518711,0.0178481327393461,0.0042182244667199,5.165
Ostfriesland,OF-01,30,0.0235689621498708,0.0558876251121791,0.024954233252701,4.97
Ostfriesland,OF-01,60,0.03713218182651,0.0418769403536328,0.003302713766814,5.635
Ostfriesland,OF-01,90,0.0603694961818724,0.0822266357366387,0.0030565153071542,6.34
Ostfriesland,OF-01,120,0.0705369440050183,0.1242308142273655,0.0067156056798002,6.42
Ostfriesland,OF-01,150,0.050502779363698,0.164459695868113,0.0020802440079863,6.050000000000001
Ostfriesland,OF-01,180,0.080321137625913,0.1363731164994326,0.0087796024115622,6.66
Ostfriesland,OF-01,210,0.1869541111861017,0.1447782373908795,0.0655786903096294,7.55
Ostfriesland,OF-01,240,0.1755897017492882,0.2042396922508554,0.0277172743990981,7.595
Ostfriesland,OF-01,270,0.1273271697382396,0.0918115802155354,0.0,7.19
Ostfriesland,OF-01,300,0.0990479539325224,0.0368431530957156,0.0,6.655
Ostfriesland,OF-01,330,0.061967136489094,0.0216845279539832,0.001861806348914,6.045
Ostfriesland,OF-02,0,0.0270719382888813,0.0201511501050255,0.0001833516739785,5.15
Ostfriesland,OF-02,30,0.0269145906909487,0.0095292021554308,0.0003976897614714,5.155
Ostfriesland,OF-02,60,0.0394741239596685,0.0339990180605679,0.0028045361932348,5.73
Ostfriesland,OF-02,90,0.0612333455952949,0.125337521247742,0.0010707163124998,6.335
Ostfriesland,OF-02,120,0.0708355349707532,0.1677601684106389,0.0018005787578586,6.425
Ostfriesland,OF-02,150,0.0498978014386472,0.1243447645933848,0.018855363990461,5.985
Ostfriesland,OF-02,180,0.0760063967212631,0.1798771251548975,0.0117108704515136,6.525
Ostfriesland,OF-02,210,0.1911469969599255,0.1274403895403159,0.0124720036434964,7.6
Ostfriesland,OF-02,240,0.1764709964193039,0.1418800737222268,0.0005514063259906,7.595000000000001
Ostfriesland,OF-02,270,0.1209260303708402,0.092639992715374,0.0103291431425131,6.97
Ostfriesland,OF-02,300,0.0970761813515417,0.037817485841023,0.0196494200020325,6.585
Ostfriesland,OF-02,330,0.0629460632329313,0.0218772399443959,0.0011559555456114,6.06
Ostfriesland,OF-03,0,0.0251253289046946,0.0244405100279235,0.0025401567902733,5.127142857142857
Ostfriesland,OF-03,30,0.0247935899099117,0.0151357865262956,0.0008385936857748,5.188571428571429
Ostfriesland,OF-03,60,0.037415855947498,0.0266415523469121,0.000209673017353,5.8100000000000005
Ostfriesland,OF-03,90,0.0617142180872225,0.0601779662445939,0.0002184280181595,6.428571428571429
Ostfriesland,OF-03,120,0.0699707985211639,0.069858129152803,0.0017811083112314,6.532857142857142
Ostfriesland,OF-03,150,0.0517230597333538,0.1420215437633619,0.0012719716910106,6.1657142857142855
Ostfriesland,OF-03,180,0.0749640731778328,0.113098216203542,0.0001397948591132,6.731428571428572
Ostfriesland,OF-03,210,0.1889981540726178,0.1025855684384713,0.0,7.722857142857143
Ostfriesland,OF-03,240,0.1820808422359212,0.0865046970386425,5.2608043769892416e-05,7.721428571428571
Ostfriesland,OF-03,270,0.1187487124666049,0.0576666586705566,0.0003143363651951,7.254285714285714
Ostfriesland,OF-03,300,0.1031783663383094,0.0301000583093193,0.0007948000196321,6.872857142857143
Ostfriesland,OF-03,330,0.0612870006048691,0.0154188734391823,4.3621123370712966e-05,6.088571428571428
Ostfriesland,OF-04,0,0.023359909782488,0.0581944407777774,0.0011611164629305,4.793333333333333
Ostfriesland,OF-04,30,0.0247123136490004,0.0650160281675154,0.0105987774379142,4.773333333333333
Ostfriesland,OF-04,60,0.0372455240721,0.0430783843508125,0.0046390546739807,5.359999999999999
Ostfriesland,OF-04,90,0.0606655118676729,0.1528491265444345,0.0087200333820218,5.956666666666667
Ostfriesland,OF-04,120,0.0689542356147858,0.2272273456423831,0.0141144693473706,6.123333333333334
Ostfriesland,OF-04,150,0.0524467019023789,0.2157471858515167,0.0137762823703391,5.84
Ostfriesland,OF-04,180,0.0754441472058413,0.1462967058732383,0.0012027000338351,6.406666666666666
Ostfriesland,OF-04,210,0.1970265810775958,0.1185252593126766,0.0442757212666163,7.506666666666667
Ostfriesland,OF-04,240,0.1954047787059434,0.3129990159829474,0.1199952988791512,7.323333333333333
Ostfriesland,OF-04,270,0.1145329689080488,0.1603984846328804,0.0104087578870254,6.723333333333334
Ostfriesland,OF-04,300,0.0938140389642531,0.0550252195637409,0.0012669174398118,6.416666666666667
Ostfriesland,OF-04,330,0.0563932882498913,0.0419974017209778,0.0013603269523036,5.773333333333333
Paderborn,PA-01,0,0.0169009204375834,0.568700514745728,0.4984482991967526,4.92
Paderborn,PA-01,30,0.0217990871829344,0.4679102551112812,0.5645818705695704,5.14
Paderborn,PA-01,60,0.0469161055350549,0.4378703426418407,0.5380572140773827,6.1850000000000005
Paderborn,PA-01,90,0.0610287909964197,0.3420427674989665,0.3578468524505777,6.37
Paderborn,PA-01,120,0.1019043806558633,0.5949515397362164,0.7016877084126288,7.85
Paderborn,PA-01,150,0.0783977569079695,0.5439987763171772,0.6806310787055192,7.550000000000001
Paderborn,PA-01,180,0.106515164672441,0.3228454083670474,0.2959217730102726,7.67
Paderborn,PA-01,210,0.1498478345275167,0.215275167635112,0.011722945870866,7.205
Paderborn,PA-01,240,0.2409563584573431,0.4103632679936753,0.2647856647643662,6.9350000000000005
Paderborn,PA-01,270,0.1226874639140808,0.3481685766113509,0.3329296064619956,5.970000000000001
Paderborn,PA-01,300,0.0354128732052199,0.3926121442070072,0.3141099765069889,5.145
Paderborn,PA-01,330,0.0176332635075727,0.556256460174604,0.2614835028639767,4.87
Paderborn,PA-02,0,0.0183743650759646,0.4579370681225572,0.7248282320908224,4.3100000000000005
Paderborn,PA-02,30,0.0211550611057602,0.3743426715970349,0.4878622729717428,4.595000000000001
Paderborn,PA-02,60,0.0406786299214491,0.3214716070044077,0.4152742088873142,5.225
Paderborn,PA-02,90,0.0546847955736681,0.2507008123143961,0.3154806683067265,5.63
Paderborn,PA-02,120,0.0778484429521107,0.4315591122724234,0.301651596401985,6.245
Paderborn,PA-02,150,0.0720244559661587,0.568376382927275,0.5333919416100973,6.43
Paderborn,PA-02,180,0.0962012806561324,0.4478010510214266,0.7351656012814198,7.0
Paderborn,PA-02,210,0.150136994209448,0.4573534746682571,0.7488180271174432,7.055
Paderborn,PA-02,240,0.2650587193529737,0.3906119538027749,0.3747327117470295,7.225
Paderborn,PA-02,270,0.1381800343710841,0.3924269425053302,0.2136856077768335,5.925000000000001
Paderborn,PA-02,300,0.0442954356067084,0.5347282834823919,0.4727982685803016,4.915
Paderborn,PA-02,330,0.0213617852085414,0.678119133129875,0.6749719475266919,4.4350000000000005
Paderborn,PA-03,0,0.0107454200884396,0.58991974105521,0.3791121438180261,4.47
Paderborn,PA-03,30,0.0200805432722678,0.3603336301481926,0.2529094695577606,5.23
Paderborn,PA-03,60,0.0416819330385344,0.3523295608985518,0.530857421636785,6.07
Paderborn,PA-03,90,0.0468382817435249,0.4709083706684381,0.5790663570817549,6.13
Paderborn,PA-03,120,0.0832738471257106,0.5369078145442385,0.5044912923923006,7.35
Paderborn,PA-03,150,0.0683133291219204,0.4420521511359426,0.3186040826304853,7.15
Paderborn,PA-03,180,0.0955053695514845,0.2904871234812178,0.0623317837044286,7.73
Paderborn,PA-03,210,0.1364481996209728,0.3329951979025153,0.088791316014148,8.15
Paderborn,PA-03,240,0.259679406190777,0.2173652165561678,0.0547047292330311,8.21
Paderborn,PA-03,270,0.1793335439039798,0.3201622249412718,0.4281263363675239,6.76
Paderborn,PA-03,300,0.0443951358180669,0.3458437666345459,0.3659311778008679,5.27
Paderborn,PA-03,330,0.0137049905243209,0.5254252510244284,0.4925738035572398,4.46
Paderborn,PA-04,0,0.0074396069492567,0.4553790339207659,0.1189252476195979,3.825625
Paderborn,PA-04,30,0.0100223024652804,0.5543647490687263,0.2190495650043948,4.19375
Paderborn,PA-04,60,0.0333094106644048,0.4156600436078349,0.3115140261304127,5.60125
Paderborn,PA-04,90,0.0549749544271465,0.4347833667508129,0.0980025214635221,6.30625
Paderborn,PA-04,120,0.0933235154755575,0.3543482357605808,0.1128119140185095,7.346875
Paderborn,PA-04,150,0.0776373527279557,0.3295806998787279,0.19548351930035,7.239375
Paderborn,PA-04,180,0.1110920871816863,0.3641247110061192,0.188768565197864,7.869375
Paderborn,PA-04,210,0.1312383233488843,0.3479741984200353,0.0956360109444877,7.568125
Paderborn,PA-04,240,0.2512928910947131,0.2842171194988357,0.0529719668157819,7.446875
Paderborn,PA-04,270,0.1738076665399004,0.3260044955392941,0.0199927853605639,6.405625
Paderborn,PA-04,300,0.0424913143673782,0.3055423424350175,0.0226587055460573,4.97875
Paderborn,PA-04,330,0.0133705747578356,0.3495735626153556,0.0510875853882608,4.039375
Paderborn,PA-05,0,0.0081054366800949,0.404647128376884,0.1718139252784884,4.136428571428572
Paderborn,PA-05,30,0.0123758241638129,0.3682332948776489,0.2633890886622525,4.8500000000000005
Paderborn,PA-05,60,0.0288343807935689,0.5148649259680556,0.294349213250418,5.697857142857143
Paderborn,PA-05,90,0.052061003335727,0.36035235285393,0.1312356194145076,6.366428571428571
Paderborn,PA-05,120,0.081313224867438,0.3505743746553224,0.0727357101850546,7.321428571428571
Paderborn,PA-05,150,0.0660957019684256,0.3426783620128956,0.0349452038065742,7.239285714285714
Paderborn,PA-05,180,0.1114538799714788,0.3806761091988333,0.1693986808625406,8.187142857142858
Paderborn,PA-05,210,0.128763163764899,0.2956384336322131,0.246350323005418,8.001428571428571
Paderborn,PA-05,240,0.2258539513253983,0.4417557630370959,0.3561723046467699,8.17
Paderborn,PA-05,270,0.2146584755242483,0.2560868961379375,0.1027138197342978,7.46
Paderborn,PA-05,300,0.0550985532983661,0.3237139948595287,0.1368068531146573,5.591428571428572
Paderborn,PA-05,330,0.0153864043065418,0.2869804694996455,0.1405336038207594,4.3585714285714285
Paderborn,PA-06,0,0.0054350123472094,0.353311923481553,0.3977078080932884,3.6442857142857146
Paderborn,PA-06,30,0.0052088285804148,0.4199216295990133,0.3638620664445174,3.747142857142857
Paderborn,PA-06,60,0.0213149839168927,0.3789027290378745,0.2362473366476055,5.237142857142857
Paderborn,PA-06,90,0.0451204566503367,0.2954570180123971,0.2912058638445586,6.221428571428571
Paderborn,PA-06,120,0.081452753279999,0.3877458484161064,0.3279787035370218,7.085714285714286
Paderborn,PA-06,150,0.0667339385152571,0.5599952504572914,0.2484655900710812,6.767142857142857
Paderborn,PA-06,180,0.1026092149437378,0.334706623794358,0.124638285088697,7.678571428571429
Paderborn,PA-06,210,0.1362342942742295,0.3008720763128439,0.1497805670655883,8.145714285714286
Paderborn,PA-06,240,0.2261760198031465,0.4575996382626996,0.1702531945514742,8.277142857142858
Paderborn,PA-06,270,0.2320614312732048,0.3161564378144758,0.0964133673106818,7.6414285714285715
Paderborn,PA-06,300,0.0643614767912807,0.2736553116739293,0.2151569002185043,5.561428571428571
Paderborn,PA-06,330,0.0132915896242904,0.3294280906312241,0.3122694721274849,4.12
Paderborn,PA-07,0,0.0075564404072626,0.3512951869737887,0.1382540715663063,4.09
Paderborn,PA-07,30,0.0107415648184238,0.3556828160253303,0.0561054952724019,4.684545454545455
Paderborn,PA-07,60,0.0311985003560164,0.3726097371581,0.0378436212667993,5.7263636363636365
Paderborn,PA-07,90,0.0533120366084782,0.3341000345299418,0.0302673999814135,6.469090909090909
Paderborn,PA-07,120,0.0745112446482628,0.3053839065899715,0.0552083991756123,7.045454545454546
Paderborn,PA-07,150,0.060962244615172,0.5209251705869075,0.0200596223212622,6.822727272727272
Paderborn,PA-07,180,0.1178715730944106,0.5066999037502912,0.1970163554254007,8.045454545454545
Paderborn,PA-07,210,0.1255302938481676,0.3938811036645072,0.3832263970943284,7.715454545454546
Paderborn,PA-07,240,0.2126365091265413,0.3980076167457262,0.2757432226969971,8.147272727272728
Paderborn,PA-07,270,0.2285585922777749,0.335138426985674,0.2812774993309325,7.527272727272727
Paderborn,PA-07,300,0.0623801831303213,0.3890101393993486,0.5113123936147653,5.553636363636364
Paderborn,PA-07,330,0.014740817069168,0.2888852146886647,0.1181499303688358,4.3127272727272725
Paderborn,PA-08,0,0.0076999899700864,0.3454550359597249,0.0934993395717887,4.1433333333333335
Paderborn,PA-08,30,0.0126412992264691,0.4550677255608233,0.1162568966742482,4.845
Paderborn,PA-08,60,0.0337395339974051,0.4269003328856298,0.2321300737034968,5.743333333333333
Paderborn,PA-08,90,0.0489570135875687,0.3177456446966555,0.4418741547573237,6.128333333333333
Paderborn,PA-08,120,0.0635886002256563,0.4027123608680941,0.3667195250251331,6.566666666666666
Paderborn,PA-08,150,0.0518854518010386,0.4163690537838578,0.1667518074563625,6.448333333333333
Paderborn,PA-08,180,0.1181890537012601,0.5086356621030014,0.0385144425138124,8.090000000000002
Paderborn,PA-08,210,0.1348660789104492,0.3962221050162105,0.0341761618014723,8.01
Paderborn,PA-08,240,0.2164834122347836,0.3445743224770779,0.1526665377632525,8.151666666666666
Paderborn,PA-08,270,0.2272012591480647,0.3799106148178912,0.2231201529102438,7.485
Paderborn,PA-08,300,0.0678831175688665,0.2976024632487522,0.1203108515791756,5.808333333333334
Paderborn,PA-08,330,0.0168651896283512,0.2777567207902394,0.0910373195716139,4.531666666666667
Paderborn,PA-09,0,0.0075080544925138,0.4399516576368784,0.2072643192001114,3.75
Paderborn,PA-09,30,0.0062565570108026,0.3254001878806006,0.0814001238082624,3.616666666666667
Paderborn,PA-09,60,0.0173936497264338,0.2623918066192789,0.0237044470380768,4.823333333333333
Paderborn,PA-09,90,0.0390316419533526,0.3995804632110233,0.0326537897911938,5.79
Paderborn,PA-09,120,0.0689052588676426,0.2772512377908606,0.0192985784240557,6.763333333333333
Paderborn,PA-09,150,0.0685265911890116,0.4973313726848646,0.0955600435123775,6.95
Paderborn,PA-09,180,0.0951054671151948,0.4448849596829551,0.1660713683038516,7.746666666666667
Paderborn,PA-09,210,0.1598279302104142,0.4384805407194434,0.0960444660477281,8.053333333333333
Paderborn,PA-09,240,0.2570737785912548,0.3916038314531638,0.0421877865936254,8.396666666666667
Paderborn,PA-09,270,0.1937369707322481,0.3399523766134236,0.3125285963503263,7.496666666666667
Paderborn,PA-09,300,0.068331910663029,0.4799936893764913,0.6267336639193742,5.626666666666666
Paderborn,PA-09,330,0.0183021894481015,0.3172697776131253,0.3905609671553705,4.31
Paderborn,PA-10,0,0.0049209301241858,0.4017004184890082,0.2076893712668502,3.22
Paderborn,PA-10,30,0.0064687431966833,0.3655155769373912,0.3557666048312309,3.818571428571429
Paderborn,PA-10,60,0.0168866082320022,0.3039186148025372,0.3244615717255459,4.701428571428571
Paderborn,PA-10,90,0.0347492630402275,0.5700537246079829,0.496850034411486,5.340000000000001
Paderborn,PA-10,120,0.0648517645749211,0.6932179473650271,0.5327606123211541,6.267142857142857
Paderborn,PA-10,150,0.06424499791594,0.3065188865202568,0.1844730084491656,6.617142857142857
Paderborn,PA-10,180,0.1091983158819975,0.3886094028568861,0.139249447163066,7.649999999999999
Paderborn,PA-10,210,0.1312863170450329,0.3898093409585459,0.1319877687284739,7.591428571428572
Paderborn,PA-10,240,0.2443511648745003,0.2575328943800359,0.0353592859228087,8.01
Paderborn,PA-10,270,0.2281948394734446,0.3569452460352136,0.0161268400394817,7.64
Paderborn,PA-10,300,0.0788806580067524,0.4505854726312642,0.2650281284145714,5.732857142857143
Paderborn,PA-10,330,0.015966397634312,0.3105892843221226,0.2139530930275229,3.9471428571428575
Paderborn,PA-11,0,0.0089045411390738,0.3361186439861389,0.1414345513477824,3.96
Paderborn,PA-11,30,0.0083068222350582,0.4397034871710316,0.3721031220824813,4.207
Paderborn,PA-11,60,0.0184439069948375,0.6307054212940897,0.413662783748761,4.961
Paderborn,PA-11,90,0.0420271188826345,0.5098639389745794,0.2026944718685763,5.7
Paderborn,PA-11,120,0.062800899176785,0.4083179462807519,0.1044894639624132,6.401000000000001
Paderborn,PA-11,150,0.0543458771173091,0.354062495949469,0.2416485800208632,6.351
Paderborn,PA-11,180,0.1000352628765005,0.4240860629140496,0.2987281415877442,7.476999999999999
Paderborn,PA-11,210,0.1368939320499802,0.502758381803935,0.4171075220247348,7.763
Paderborn,PA-11,240,0.2308490434225417,0.5057340056148256,0.3875526828204528,8.031
Paderborn,PA-11,270,0.2172016652286527,0.3692128111495257,0.2176694710459128,7.769
Paderborn,PA-11,300,0.0953811672835238,0.2972343358548428,0.1163230837346447,6.287
Paderborn,PA-11,330,0.0248097635931027,0.2983505232603934,0.0963718768601531,4.646
Paderborn,PA-12,0,0.0094894745955923,0.2946919551324567,0.1375859770423527,3.945
Paderborn,PA-12,30,0.0075900562561421,0.3410592148667309,0.1065551115925703,3.975
Paderborn,PA-12,60,0.016711163293487,0.6113191620682293,0.0381120029613411,4.73
Paderborn,PA-12,90,0.0398920365716476,0.428329986608435,0.1553650719884857,5.5
Paderborn,PA-12,120,0.0609679384633535,0.3907621120154957,0.0795246753641421,6.220000000000001
Paderborn,PA-12,150,0.0543736347179102,0.405173240114999,0.2858988563396292,6.210000000000001
Paderborn,PA-12,180,0.091371462072478,0.5446612991865155,0.6118471895977637,6.91
Paderborn,PA-12,210,0.1502325722786029,0.4572766371122517,0.6336653950446868,7.935
Paderborn,PA-12,240,0.2304639102572988,0.5315666851616065,0.5430777030812225,7.73
Paderborn,PA-12,270,0.2116429509575074,0.4857687853909838,0.3078407883000589,7.445
Paderborn,PA-12,300,0.1004720169264836,0.2921400726451499,0.0503374827378753,6.255
Paderborn,PA-12,330,0.0267927836094964,0.2716815432344587,0.0442917776777082,4.6850000000000005
Rheda-Beckum,RB-01,0,0.0108510467574683,0.2455981588627875,0.088186762818554,4.06
Rheda-Beckum,RB-01,30,0.0155796026445577,0.2091451234452572,0.242169408897014,4.37
Rheda-Beckum,RB-01,60,0.0230064583788181,0.386696026686934,0.1276517473942366,4.7
Rheda-Beckum,RB-01,90,0.0389686000750149,0.2844234691529647,0.1219407733724914,5.11
Rheda-Beckum,RB-01,120,0.0505250115228226,0.2122546342796065,0.1357873461137992,5.38
Rheda-Beckum,RB-01,150,0.0240645054143271,0.1672413709442926,0.0560400024391731,4.56
Rheda-Beckum,RB-01,180,0.0551826577320472,0.1729167802443327,0.1581779272393763,5.68
Rheda-Beckum,RB-01,210,0.2289132345449558,0.2262725545248705,0.2109006192140273,7.65
Rheda-Beckum,RB-01,240,0.3073841233231261,0.2852927165866236,0.2410915514405799,7.93
Rheda-Beckum,RB-01,270,0.160961236664782,0.3138456920075239,0.1587922498624778,6.92
Rheda-Beckum,RB-01,300,0.0612827560725742,0.1733950092558271,0.061890243902439,5.56
Rheda-Beckum,RB-01,330,0.0232807668695056,0.2024324335300716,0.0827463710418325,4.63
Rheda-Beckum,RB-02,0,0.0111161498917395,0.2673112711050929,0.1670253306740702,4.135
Rheda-Beckum,RB-02,30,0.0161170322693731,0.2552112849240743,0.1931636240977543,4.494999999999999
Rheda-Beckum,RB-02,60,0.0234060641564559,0.371977337848783,0.1228198430900933,4.800000000000001
Rheda-Beckum,RB-02,90,0.0381496899577059,0.2500152647100965,0.0834265612962444,5.135
Rheda-Beckum,RB-02,120,0.0504456395199248,0.1542124567137726,0.0486340603231574,5.43
Rheda-Beckum,RB-02,150,0.023002616912675,0.1836793679316542,0.0516305300411631,4.6
Rheda-Beckum,RB-02,180,0.0537510317594441,0.1717105226223184,0.1069940373216978,5.695
Rheda-Beckum,RB-02,210,0.2365900775160153,0.1884982413540551,0.1132084594255646,7.814999999999999
Rheda-Beckum,RB-02,240,0.3025572355457417,0.2724134470764517,0.2949305729558484,7.955
Rheda-Beckum,RB-02,270,0.1599495538199356,0.3420380121269127,0.1609401029322352,6.975
Rheda-Beckum,RB-02,300,0.060631264735825,0.2012351200454186,0.1256210956287993,5.625
Rheda-Beckum,RB-02,330,0.0242836439151637,0.2095074695344956,0.0890787255377707,4.705
Rheda-Beckum,RB-03,0,0.0115781305153035,0.2261665544649487,0.057283323543191,4.095000000000001
Rheda-Beckum,RB-03,30,0.0151200673261217,0.2317236020814897,0.1353750680404838,4.375
Rheda-Beckum,RB-03,60,0.023616008001341,0.4080838789923594,0.3305693611418213,4.745
Rheda-Beckum,RB-03,90,0.0407478678528227,0.2513948305470158,0.1438156093759818,5.255
Rheda-Beckum,RB-03,120,0.0522377328355508,0.1461699911082573,0.0554019716394054,5.54
Rheda-Beckum,RB-03,150,0.0230294782075757,0.2098531651464626,0.1649045634180012,4.655
Rheda-Beckum,RB-03,180,0.058813033279245,0.1794619212859549,0.0985883688387231,5.99
Rheda-Beckum,RB-03,210,0.2374907814975738,0.2404958481284654,0.1214022589790562,7.835
Rheda-Beckum,RB-03,240,0.2952849022004314,0.2681349287365288,0.3525115416940615,7.865
Rheda-Beckum,RB-03,270,0.157969673104827,0.3127968522784687,0.089673463870674,6.99
Rheda-Beckum,RB-03,300,0.0603716351620583,0.250128149939593,0.1166745522082236,5.654999999999999
Rheda-Beckum,RB-03,330,0.0237406900171487,0.1988303469375936,0.1533440113439703,4.665
Rheda-Beckum,RB-04,0,0.0132823397451343,0.2052083427116781,0.1006558922272871,4.27
Rheda-Beckum,RB-04,30,0.0199771139965014,0.2501108901334392,0.1343939396062458,4.640000000000001
Rheda-Beckum,RB-04,60,0.0356720330454125,0.2575293193169909,0.0660410604407875,5.404999999999999
Rheda-Beckum,RB-04,90,0.0573643273949448,0.2049870808911323,0.0526885607608863,5.815
Rheda-Beckum,RB-04,120,0.048441400242792,0.2384436058536374,0.0568016265852623,5.675000000000001
Rheda-Beckum,RB-04,150,0.0240537309002948,0.2500118698872065,0.0789049102038872,4.715
Rheda-Beckum,RB-04,180,0.0954471294894464,0.1958673234432551,0.0776670728992113,6.5
Rheda-Beckum,RB-04,210,0.239892475119319,0.2750897185563875,0.0842865936081673,7.63
Rheda-Beckum,RB-04,240,0.2674757282303528,0.3084740813386731,0.0743655172353685,7.51
Rheda-Beckum,RB-04,270,0.1284648925644209,0.2820125735159106,0.109661451967734,6.48
Rheda-Beckum,RB-04,300,0.0478556915094212,0.1633066571141897,0.1491045854110568,5.25
Rheda-Beckum,RB-04,330,0.0220731377619594,0.2155956098858158,0.1920820749118933,4.505
Rheda-Beckum,RB-05,0,0.0119904164859958,0.1862407934426594,0.2466238924534066,4.14
Rheda-Beckum,RB-05,30,0.0203263833258615,0.2513210683591175,0.1592337258251479,4.66
Rheda-Beckum,RB-05,60,0.0344462654427598,0.2647402059369907,0.1245252970721548,5.39
Rheda-Beckum,RB-05,90,0.0589525748344565,0.2366556066354948,0.0547710740265297,5.89
Rheda-Beckum,RB-05,120,0.0483089213402221,0.1935451695702246,0.0349954114408075,5.66
Rheda-Beckum,RB-05,150,0.0231319864478528,0.2275006558542069,0.1134989926124916,4.68
Rheda-Beckum,RB-05,180,0.0902772163713464,0.2680402870683692,0.2358404105822692,6.36
Rheda-Beckum,RB-05,210,0.2299326802237133,0.247103550605454,0.0710479573712255,7.54
Rheda-Beckum,RB-05,240,0.2697696722937964,0.2965128703617034,0.101963654104159,7.55
Rheda-Beckum,RB-05,270,0.1378787656081195,0.2937611007173233,0.0395380102664385,6.69
Rheda-Beckum,RB-05,300,0.0529040840174325,0.1595687038037103,0.1257020757020757,5.51
Rheda-Beckum,RB-05,330,0.0220810336084429,0.1969602520437221,0.0696721311475409,4.55
