position,standort,wakeverlust_anteil,reproduktionsguete_unkorrigiert
AS-P001,Alpen-Sevelen,0.028,1.0585929244254826
AS-P002,Alpen-Sevelen,0.0464449999999999,1.0321066281373332
AS-P003,Alpen-Sevelen,0.012467,1.047084214135614
AS-P004,Alpen-Sevelen,0.0098749999999999,1.061701394029009
AS-P005,Alpen-Sevelen,0.0202899999999999,1.0494656264380064
AS-P006,Alpen-Sevelen,0.0190749999999999,0.990676077552256
AS-P007,Alpen-Sevelen,0.042359,0.9835157931840612
AS-P008,Alpen-Sevelen,0.072304,0.9568596392858422
AS-P009,Alpen-Sevelen,0.153995,0.9458102240164444
AS-P010,Alpen-Sevelen,0.0720889999999999,1.003081222916526
AS-P011,Alpen-Sevelen,0.065809,1.0084774548944055
AS-P012,Alpen-Sevelen,0.0376059999999999,0.9379482319115924
AS-P013,Alpen-Sevelen,0.0648959999999999,0.9778224351113862
AS-P014,Alpen-Sevelen,0.0566259999999999,0.9659703026328152
AS-P015,Alpen-Sevelen,0.0347379999999999,0.9694434945566196
AM-P001,Altenmellrich,0.025638,0.9333260268835066
AM-P002,Altenmellrich,0.03682,0.9023358598168554
AM-P003,Altenmellrich,0.127206,0.8723215848589767
AM-P004,Altenmellrich,0.1606109999999999,0.867550615268957
AM-P005,Altenmellrich,0.01397,1.135854452802544
AM-P006,Altenmellrich,0.0777259999999999,0.9793438477023344
AM-P007,Altenmellrich,0.1594769999999999,0.9418580320427828
AM-P008,Altenmellrich,0.1333389999999999,1.0219462785713025
AM-P009,Altenmellrich,0.217938,0.9461050180744311
AM-P010,Altenmellrich,0.044178,1.0864239206919863
BC-P001,Borken-Coesfeld,0.0697419999999999,1.0311160053133208
BC-P002,Borken-Coesfeld,0.082898,1.013182469827057
BC-P003,Borken-Coesfeld,0.070343,1.0143327895255094
BC-P004,Borken-Coesfeld,0.0362799999999999,1.0003369977572654
BC-P005,Borken-Coesfeld,0.0717529999999999,1.0347871592510771
BC-P006,Borken-Coesfeld,0.056447,0.9753451175582214
BC-P007,Borken-Coesfeld,0.0598509999999999,0.979744312882502
BC-P008,Borken-Coesfeld,0.1342809999999999,1.0531339773277828
BC-P009,Borken-Coesfeld,0.108863,0.9511056308305036
BC-P010,Borken-Coesfeld,0.1288169999999999,0.9402911199710434
BC-P011,Borken-Coesfeld,0.0879569999999999,0.989899271033251
BC-P012,Borken-Coesfeld,0.088187,0.9762284467268396
BC-P013,Borken-Coesfeld,0.0324269999999999,0.99540346659527
BC-P014,Borken-Coesfeld,0.089218,0.9713445319628335
BC-P015,Borken-Coesfeld,0.0978679999999999,0.975356056977186
BC-P016,Borken-Coesfeld,0.0403879999999999,0.9756038734432622
BC-P017,Borken-Coesfeld,0.070062,1.0750826208458797
BC-P018,Borken-Coesfeld,0.082547,1.036235111220775
BC-P019,Borken-Coesfeld,0.1597779999999999,0.9968870790359868
BC-P020,Borken-Coesfeld,0.084581,1.0096454125006216
LO-P001,Lorup,0.1455649999999999,0.95505032248467
LO-P002,Lorup,0.099901,0.9888905181862366
LO-P003,Lorup,0.0734220000000001,0.9861856282759534
LO-P004,Lorup,0.090245,1.0318465569839474
LO-P005,Lorup,0.083127,0.9697514698010792
LO-P006,Lorup,0.099823,0.9706347972370896
LO-P007,Lorup,0.165335,0.969456527986258
LO-P008,Lorup,0.200145,0.9771206559739448
LO-P009,Lorup,0.2059359999999999,0.9741788399138512
LO-P010,Lorup,0.2462879999999999,1.0701874044784914
LO-P011,Lorup,0.2379099999999999,1.0027344878429578
LO-P012,Lorup,0.264685,1.0130213475378873
LO-P013,Lorup,0.224541,1.0234951990252448
LO-P014,Lorup,0.1674569999999999,1.0195431333303082
LO-P015,Lorup,0.2031629999999999,1.0104630706016935
LO-P016,Lorup,0.2063169999999999,1.023344282449518
LO-P017,Lorup,0.174794,1.143778429376335
LO-P018,Lorup,0.163117,1.025402330877987
LO-P019,Lorup,0.0473669999999999,1.0212080155487118
LO-P020,Lorup,0.081457,1.0178400729516406
LO-P021,Lorup,0.119966,0.9462144002583638
LO-P022,Lorup,0.1030459999999999,0.9895135805390376
LO-P023,Lorup,0.1081069999999999,1.021268447285769
OF-P001,Ostfriesland,0.136306,0.989361166842114
OF-P002,Ostfriesland,0.157367,1.0176611492938408
OF-P003,Ostfriesland,0.1329869999999999,1.0245013279196549
OF-P004,Ostfriesland,0.119757,1.0419572527565923
OF-P005,Ostfriesland,0.0474149999999999,0.957831540096118
OF-P006,Ostfriesland,0.1054210000000001,0.9593491821576638
OF-P007,Ostfriesland,0.0588299999999999,0.9764805343400508
OF-P008,Ostfriesland,0.1058119999999999,0.9736257363685774
OF-P009,Ostfriesland,0.0871219999999999,0.9691966183917828
OF-P010,Ostfriesland,0.129522,0.9574645388147958
OF-P011,Ostfriesland,0.109705,0.9966863436014994
OF-P012,Ostfriesland,0.1257869999999999,0.9955700561328276
OF-P013,Ostfriesland,0.0675649999999999,0.9734824451287436
OF-P014,Ostfriesland,0.092052,0.991478867785428
PA-P001,Paderborn,0.0291559999999999,1.0100584977961031
PA-P002,Paderborn,0.0281279999999999,0.9674741209712946
PA-P003,Paderborn,0.019167,0.8985687464808605
PA-P004,Paderborn,0.06525,0.850724359961928
PA-P005,Paderborn,0.0948439999999999,0.9681763518293872
PA-P006,Paderborn,0.0986549999999999,0.9542312408532344
PA-P007,Paderborn,0.206431,0.9059082228827132
PA-P008,Paderborn,0.1624089999999999,0.8957998329604303
PA-P009,Paderborn,0.0994389999999999,0.9315165265946682
PA-P010,Paderborn,0.134143,1.0064763702005624
PA-P011,Paderborn,0.1844540000000001,0.9391524485274956
PA-P012,Paderborn,0.197063,0.9437682851018352
PA-P013,Paderborn,0.1320759999999999,0.914147295242282
PA-P014,Paderborn,0.1609480000000001,0.9249992836086608
PA-P015,Paderborn,0.082278,0.94146112712474
PA-P016,Paderborn,0.0435609999999999,0.9250613121127658
PA-P017,Paderborn,0.1814299999999999,1.0086963188763942
PA-P018,Paderborn,0.144802,0.9479665747886252
PA-P019,Paderborn,0.065519,0.8817621432636631
PA-P020,Paderborn,0.1950969999999999,0.891303878131585
PA-P021,Paderborn,0.1137749999999999,0.9374245198554498
PA-P022,Paderborn,0.200357,0.9822759905232676
PA-P023,Paderborn,0.1008939999999999,0.9410129917315536
PA-P024,Paderborn,0.1612829999999999,0.8674702499142668
PA-P025,Paderborn,0.130865,1.0107244503255342
PA-P026,Paderborn,0.164748,0.9856489339094068
PA-P027,Paderborn,0.1478519999999999,1.0780570922535593
PA-P028,Paderborn,0.1932259999999999,0.9763985433393968
PA-P029,Paderborn,0.1629669999999999,0.9724487997298832
PA-P030,Paderborn,0.342814,0.7265547945629081
PA-P031,Paderborn,0.146863,0.9728981515387004
PA-P032,Paderborn,0.1395449999999999,0.949901104911258
PA-P033,Paderborn,0.1869240000000001,0.9238783037586108
PA-P034,Paderborn,0.1638389999999999,0.998498789725182
PA-P035,Paderborn,0.1595539999999999,0.920999492766271
PA-P036,Paderborn,0.098283,1.0448415884307063
PA-P037,Paderborn,0.138739,1.122834594072374
PA-P038,Paderborn,0.122561,1.0796183369416026
PA-P039,Paderborn,0.168358,1.0404155673362523
PA-P040,Paderborn,0.173971,1.1016169984081292
PA-P041,Paderborn,0.197629,1.061699842623855
PA-P042,Paderborn,0.10799,1.0584535683401926
PA-P043,Paderborn,0.1229859999999999,1.0345804874315
PA-P044,Paderborn,0.143138,1.0114062228172624
PA-P045,Paderborn,0.129379,1.0366036134080692
PA-P046,Paderborn,0.152235,0.9687288377172496
PA-P047,Paderborn,0.1758389999999999,1.0212808877896158
PA-P048,Paderborn,0.1323050000000001,1.0189545617140898
PA-P049,Paderborn,0.1713840000000001,0.9880288290580184
PA-P050,Paderborn,0.192763,0.9794906238391468
PA-P051,Paderborn,0.207843,1.0218416664237109
PA-P052,Paderborn,0.082465,0.997548086507408
PA-P053,Paderborn,0.227989,1.01771825067012
PA-P054,Paderborn,0.2004719999999999,0.9713290964279944
PA-P055,Paderborn,0.1923629999999999,0.9624324838451004
PA-P056,Paderborn,0.206949,0.9538444965000504
PA-P057,Paderborn,0.207656,1.0382912565668672
PA-P058,Paderborn,0.12361,0.9636952982071758
PA-P059,Paderborn,0.14464,0.9664884245200244
PA-P060,Paderborn,0.0965099999999999,1.1060526334657277
PA-P061,Paderborn,0.080331,1.1479183591839373
PA-P062,Paderborn,0.141618,1.0913648399804974
PA-P063,Paderborn,0.225549,1.085834430403861
PA-P064,Paderborn,0.2510380000000001,1.1741063102653029
PA-P065,Paderborn,0.158148,1.1131867613595
PA-P066,Paderborn,0.2095619999999999,1.0493843271313743
PA-P067,Paderborn,0.20554,1.0844818348340293
PA-P068,Paderborn,0.2104329999999999,1.059261899952746
PA-P069,Paderborn,0.1894129999999999,1.058866623650184
PA-P070,Paderborn,0.061033,0.9197376012959289
PA-P071,Paderborn,0.0722199999999999,0.9881837707738684
PA-P072,Paderborn,0.020553,0.999953295283236
PA-P073,Paderborn,0.103477,1.0790824107827206
PA-P074,Paderborn,0.0513079999999999,0.9801112335106804
PA-P075,Paderborn,0.123402,0.9711478983574132
PA-P076,Paderborn,0.118777,0.9928540819161084
PA-P077,Paderborn,0.0691679999999999,1.0181363721212828
PA-P078,Paderborn,0.096007,0.9129208361093312
PA-P079,Paderborn,0.085573,0.9542415975948008
PA-P080,Paderborn,0.108589,1.1181069017493863
PA-P081,Paderborn,0.039111,1.1358935330230626
RB-P001,Rheda-Beckum,0.0308509999999999,0.9887820587437436
RB-P002,Rheda-Beckum,0.0328060000000001,0.985354236759282
RB-P003,Rheda-Beckum,0.064621,0.9546861766565022
RB-P004,Rheda-Beckum,0.0218709999999999,0.9413886358997468
RB-P005,Rheda-Beckum,0.042641,0.9543053357798312
RB-P006,Rheda-Beckum,0.02473,1.011674277707726
RB-P007,Rheda-Beckum,0.054201,1.0421870105765347
RB-P008,Rheda-Beckum,0.0041419999999999,1.059791604315475
