modell,teststandort,merkmalsgewichtung,merkmal,merkmalsgewicht_0_bis_1,trainingsmittelwert_in_merkmalseinheit,trainingsstandardabweichung_in_merkmalseinheit
Wald + Wind,Alpen-Sevelen,Koeffizientenbetraege,waldanteilsdifferenz_rms,0.3440476558960391,0.1632745055129943,0.087286419243207
Wald + Wind,Alpen-Sevelen,Koeffizientenbetraege,winddissimilaritaet_log_rms,0.6559523441039609,0.0587099140372873,0.0379846217728394
Wald + Wind,Alpen-Sevelen,Gleichgewichtung,waldanteilsdifferenz_rms,0.5,0.1632745055129943,0.087286419243207
Wald + Wind,Alpen-Sevelen,Gleichgewichtung,winddissimilaritaet_log_rms,0.5,0.0587099140372873,0.0379846217728394
Wald + Wind,Altenmellrich,Koeffizientenbetraege,waldanteilsdifferenz_rms,0.2787945109908331,0.1527442406807067,0.0825561611951499
Wald + Wind,Altenmellrich,Koeffizientenbetraege,winddissimilaritaet_log_rms,0.721205489009167,0.0514338070161388,0.0367303658866068
Wald + Wind,Altenmellrich,Gleichgewichtung,waldanteilsdifferenz_rms,0.5,0.1527442406807067,0.0825561611951499
Wald + Wind,Altenmellrich,Gleichgewichtung,winddissimilaritaet_log_rms,0.5,0.0514338070161388,0.0367303658866068
Wald + Wind,Bad Berleburg,Koeffizientenbetraege,waldanteilsdifferenz_rms,0.2735585366065333,0.1585466167927537,0.09008355669015
Wald + Wind,Bad Berleburg,Koeffizientenbetraege,winddissimilaritaet_log_rms,0.7264414633934667,0.0480757578029966,0.031676253795659
Wald + Wind,Bad Berleburg,Gleichgewichtung,waldanteilsdifferenz_rms,0.5,0.1585466167927537,0.09008355669015
Wald + Wind,Bad Berleburg,Gleichgewichtung,winddissimilaritaet_log_rms,0.5,0.0480757578029966,0.031676253795659
Wald + Wind,Borken-Coesfeld,Koeffizientenbetraege,waldanteilsdifferenz_rms,0.3164114851582371,0.1660935505571788,0.0897409227911631
Wald + Wind,Borken-Coesfeld,Koeffizientenbetraege,winddissimilaritaet_log_rms,0.6835885148417629,0.0580628380651419,0.0385834939403134
Wald + Wind,Borken-Coesfeld,Gleichgewichtung,waldanteilsdifferenz_rms,0.5,0.1660935505571788,0.0897409227911631
Wald + Wind,Borken-Coesfeld,Gleichgewichtung,winddissimilaritaet_log_rms,0.5,0.0580628380651419,0.0385834939403134
Wald + Wind,Lorup,Koeffizientenbetraege,waldanteilsdifferenz_rms,0.4439790150887854,0.1499398790758651,0.0856128429765644
Wald + Wind,Lorup,Koeffizientenbetraege,winddissimilaritaet_log_rms,0.5560209849112147,0.0604340954154411,0.0366989485193086
Wald + Wind,Lorup,Gleichgewichtung,waldanteilsdifferenz_rms,0.5,0.1499398790758651,0.0856128429765644
Wald + Wind,Lorup,Gleichgewichtung,winddissimilaritaet_log_rms,0.5,0.0604340954154411,0.0366989485193086
Wald + Wind,Ostfriesland,Koeffizientenbetraege,waldanteilsdifferenz_rms,0.2510029025975835,0.177677210810266,0.0773297630656175
Wald + Wind,Ostfriesland,Koeffizientenbetraege,winddissimilaritaet_log_rms,0.7489970974024164,0.057660376224326,0.0384949397465473
Wald + Wind,Ostfriesland,Gleichgewichtung,waldanteilsdifferenz_rms,0.5,0.177677210810266,0.0773297630656175
Wald + Wind,Ostfriesland,Gleichgewichtung,winddissimilaritaet_log_rms,0.5,0.057660376224326,0.0384949397465473
Wald + Wind,Paderborn,Koeffizientenbetraege,waldanteilsdifferenz_rms,0.312312114402152,0.1482719597790202,0.0783211243188402
Wald + Wind,Paderborn,Koeffizientenbetraege,winddissimilaritaet_log_rms,0.6876878855978479,0.0509311425866164,0.0348774003497327
Wald + Wind,Paderborn,Gleichgewichtung,waldanteilsdifferenz_rms,0.5,0.1482719597790202,0.0783211243188402
Wald + Wind,Paderborn,Gleichgewichtung,winddissimilaritaet_log_rms,0.5,0.0509311425866164,0.0348774003497327
Wald + Wind,Rheda-Beckum,Koeffizientenbetraege,waldanteilsdifferenz_rms,0.3134999751843916,0.1679006907142877,0.0880368222431274
Wald + Wind,Rheda-Beckum,Koeffizientenbetraege,winddissimilaritaet_log_rms,0.6865000248156083,0.0570986047617234,0.0383324117106493
Wald + Wind,Rheda-Beckum,Gleichgewichtung,waldanteilsdifferenz_rms,0.5,0.1679006907142877,0.0880368222431274
Wald + Wind,Rheda-Beckum,Gleichgewichtung,winddissimilaritaet_log_rms,0.5,0.0570986047617234,0.0383324117106493
Vollstaendig,Alpen-Sevelen,Koeffizientenbetraege,distanz_m,0.0032085467746711,12533.870309340868,9523.270434824131
Vollstaendig,Alpen-Sevelen,Koeffizientenbetraege,mittlerer_rix_prozent,0.2544153287246496,21.7766187666928,25.90309883820679
Vollstaendig,Alpen-Sevelen,Koeffizientenbetraege,gelaendehoehendifferenz_m,0.1529625622683742,28.62287022995855,29.165875631256643
Vollstaendig,Alpen-Sevelen,Koeffizientenbetraege,rauigkeitsdifferenz_rms_m,0.0615114021305938,0.084613023708093,0.0327235702703925
Vollstaendig,Alpen-Sevelen,Koeffizientenbetraege,waldanteilsdifferenz_rms,0.1755878152054079,0.1632745055129943,0.087286419243207
Vollstaendig,Alpen-Sevelen,Koeffizientenbetraege,winddissimilaritaet_log_rms,0.3523143448963033,0.0587099140372873,0.0379846217728394
Vollstaendig,Alpen-Sevelen,Gleichgewichtung,distanz_m,0.1666666666666666,12533.870309340868,9523.270434824131
Vollstaendig,Alpen-Sevelen,Gleichgewichtung,mittlerer_rix_prozent,0.1666666666666666,21.7766187666928,25.90309883820679
Vollstaendig,Alpen-Sevelen,Gleichgewichtung,gelaendehoehendifferenz_m,0.1666666666666666,28.62287022995855,29.165875631256643
Vollstaendig,Alpen-Sevelen,Gleichgewichtung,rauigkeitsdifferenz_rms_m,0.1666666666666666,0.084613023708093,0.0327235702703925
Vollstaendig,Alpen-Sevelen,Gleichgewichtung,waldanteilsdifferenz_rms,0.1666666666666666,0.1632745055129943,0.087286419243207
Vollstaendig,Alpen-Sevelen,Gleichgewichtung,winddissimilaritaet_log_rms,0.1666666666666666,0.0587099140372873,0.0379846217728394
Vollstaendig,Altenmellrich,Koeffizientenbetraege,distanz_m,0.1289382505276634,13257.93829138956,9527.422175415004
Vollstaendig,Altenmellrich,Koeffizientenbetraege,mittlerer_rix_prozent,0.3089878464191214,17.14068584147809,26.157185281756806
Vollstaendig,Altenmellrich,Koeffizientenbetraege,gelaendehoehendifferenz_m,0.0555213028341881,22.890622328615745,27.024046653573407
Vollstaendig,Altenmellrich,Koeffizientenbetraege,rauigkeitsdifferenz_rms_m,0.0483181622165771,0.0798170992984719,0.0344470576543981
Vollstaendig,Altenmellrich,Koeffizientenbetraege,waldanteilsdifferenz_rms,0.1265526932565057,0.1527442406807067,0.0825561611951499
Vollstaendig,Altenmellrich,Koeffizientenbetraege,winddissimilaritaet_log_rms,0.3316817447459441,0.0514338070161388,0.0367303658866068
Vollstaendig,Altenmellrich,Gleichgewichtung,distanz_m,0.1666666666666666,13257.93829138956,9527.422175415004
Vollstaendig,Altenmellrich,Gleichgewichtung,mittlerer_rix_prozent,0.1666666666666666,17.14068584147809,26.157185281756806
Vollstaendig,Altenmellrich,Gleichgewichtung,gelaendehoehendifferenz_m,0.1666666666666666,22.890622328615745,27.024046653573407
Vollstaendig,Altenmellrich,Gleichgewichtung,rauigkeitsdifferenz_rms_m,0.1666666666666666,0.0798170992984719,0.0344470576543981
Vollstaendig,Altenmellrich,Gleichgewichtung,waldanteilsdifferenz_rms,0.1666666666666666,0.1527442406807067,0.0825561611951499
Vollstaendig,Altenmellrich,Gleichgewichtung,winddissimilaritaet_log_rms,0.1666666666666666,0.0514338070161388,0.0367303658866068
Vollstaendig,Bad Berleburg,Koeffizientenbetraege,distanz_m,0.0402702787628293,13267.610275177462,9486.08291789163
Vollstaendig,Bad Berleburg,Koeffizientenbetraege,mittlerer_rix_prozent,0.2673237080695868,11.65109452443725,15.999844806125513
Vollstaendig,Bad Berleburg,Koeffizientenbetraege,gelaendehoehendifferenz_m,0.1525810310608698,23.294552044120174,26.423010333735125
Vollstaendig,Bad Berleburg,Koeffizientenbetraege,rauigkeitsdifferenz_rms_m,0.1243354405779972,0.0811884941907348,0.0337706778855849
Vollstaendig,Bad Berleburg,Koeffizientenbetraege,waldanteilsdifferenz_rms,0.0869891767996516,0.1585466167927537,0.09008355669015
Vollstaendig,Bad Berleburg,Koeffizientenbetraege,winddissimilaritaet_log_rms,0.3285003647290651,0.0480757578029966,0.031676253795659
Vollstaendig,Bad Berleburg,Gleichgewichtung,distanz_m,0.1666666666666666,13267.610275177462,9486.08291789163
Vollstaendig,Bad Berleburg,Gleichgewichtung,mittlerer_rix_prozent,0.1666666666666666,11.65109452443725,15.999844806125513
Vollstaendig,Bad Berleburg,Gleichgewichtung,gelaendehoehendifferenz_m,0.1666666666666666,23.294552044120174,26.423010333735125
Vollstaendig,Bad Berleburg,Gleichgewichtung,rauigkeitsdifferenz_rms_m,0.1666666666666666,0.0811884941907348,0.0337706778855849
Vollstaendig,Bad Berleburg,Gleichgewichtung,waldanteilsdifferenz_rms,0.1666666666666666,0.1585466167927537,0.09008355669015
Vollstaendig,Bad Berleburg,Gleichgewichtung,winddissimilaritaet_log_rms,0.1666666666666666,0.0480757578029966,0.031676253795659
Vollstaendig,Borken-Coesfeld,Koeffizientenbetraege,distanz_m,0.0251902713788662,11826.221946832453,9092.239459002802
Vollstaendig,Borken-Coesfeld,Koeffizientenbetraege,mittlerer_rix_prozent,0.2476856735491297,21.707536765555083,25.95040383681329
Vollstaendig,Borken-Coesfeld,Koeffizientenbetraege,gelaendehoehendifferenz_m,0.1821637024769477,26.79613014610027,29.64372307863457
Vollstaendig,Borken-Coesfeld,Koeffizientenbetraege,rauigkeitsdifferenz_rms_m,0.0371475859378899,0.0796741782466745,0.0335380615326391
Vollstaendig,Borken-Coesfeld,Koeffizientenbetraege,waldanteilsdifferenz_rms,0.1493858972372959,0.1660935505571788,0.0897409227911631
Vollstaendig,Borken-Coesfeld,Koeffizientenbetraege,winddissimilaritaet_log_rms,0.3584268694198703,0.0580628380651419,0.0385834939403134
Vollstaendig,Borken-Coesfeld,Gleichgewichtung,distanz_m,0.1666666666666666,11826.221946832453,9092.239459002802
Vollstaendig,Borken-Coesfeld,Gleichgewichtung,mittlerer_rix_prozent,0.1666666666666666,21.707536765555083,25.95040383681329
Vollstaendig,Borken-Coesfeld,Gleichgewichtung,gelaendehoehendifferenz_m,0.1666666666666666,26.79613014610027,29.64372307863457
Vollstaendig,Borken-Coesfeld,Gleichgewichtung,rauigkeitsdifferenz_rms_m,0.1666666666666666,0.0796741782466745,0.0335380615326391
Vollstaendig,Borken-Coesfeld,Gleichgewichtung,waldanteilsdifferenz_rms,0.1666666666666666,0.1660935505571788,0.0897409227911631
Vollstaendig,Borken-Coesfeld,Gleichgewichtung,winddissimilaritaet_log_rms,0.1666666666666666,0.0580628380651419,0.0385834939403134
Vollstaendig,Lorup,Koeffizientenbetraege,distanz_m,0.0552592441214521,13412.943146890835,9472.04675853865
Vollstaendig,Lorup,Koeffizientenbetraege,mittlerer_rix_prozent,0.2028800154277429,21.858292159673432,25.840757830346373
Vollstaendig,Lorup,Koeffizientenbetraege,gelaendehoehendifferenz_m,0.1259493937078496,28.24558765808691,29.41183016011747
Vollstaendig,Lorup,Koeffizientenbetraege,rauigkeitsdifferenz_rms_m,0.0432716634747652,0.077284649509734,0.0322637674650644
Vollstaendig,Lorup,Koeffizientenbetraege,waldanteilsdifferenz_rms,0.2605376096475442,0.1499398790758651,0.0856128429765644
Vollstaendig,Lorup,Koeffizientenbetraege,winddissimilaritaet_log_rms,0.3121020736206458,0.0604340954154411,0.0366989485193086
Vollstaendig,Lorup,Gleichgewichtung,distanz_m,0.1666666666666666,13412.943146890835,9472.04675853865
Vollstaendig,Lorup,Gleichgewichtung,mittlerer_rix_prozent,0.1666666666666666,21.858292159673432,25.840757830346373
Vollstaendig,Lorup,Gleichgewichtung,gelaendehoehendifferenz_m,0.1666666666666666,28.24558765808691,29.41183016011747
Vollstaendig,Lorup,Gleichgewichtung,rauigkeitsdifferenz_rms_m,0.1666666666666666,0.077284649509734,0.0322637674650644
Vollstaendig,Lorup,Gleichgewichtung,waldanteilsdifferenz_rms,0.1666666666666666,0.1499398790758651,0.0856128429765644
Vollstaendig,Lorup,Gleichgewichtung,winddissimilaritaet_log_rms,0.1666666666666666,0.0604340954154411,0.0366989485193086
Vollstaendig,Ostfriesland,Koeffizientenbetraege,distanz_m,0.1265019272967944,10650.556236198863,7226.2085370208815
Vollstaendig,Ostfriesland,Koeffizientenbetraege,mittlerer_rix_prozent,0.2501905069263053,22.02813669828505,25.700222552076657
Vollstaendig,Ostfriesland,Koeffizientenbetraege,gelaendehoehendifferenz_m,0.1408810926457435,29.81438239200278,28.203389501860133
Vollstaendig,Ostfriesland,Koeffizientenbetraege,rauigkeitsdifferenz_rms_m,0.0275582222408659,0.081297376117936,0.033001892509256
Vollstaendig,Ostfriesland,Koeffizientenbetraege,waldanteilsdifferenz_rms,0.0995793463495624,0.177677210810266,0.0773297630656175
Vollstaendig,Ostfriesland,Koeffizientenbetraege,winddissimilaritaet_log_rms,0.3552889045407283,0.057660376224326,0.0384949397465473
Vollstaendig,Ostfriesland,Gleichgewichtung,distanz_m,0.1666666666666666,10650.556236198863,7226.2085370208815
Vollstaendig,Ostfriesland,Gleichgewichtung,mittlerer_rix_prozent,0.1666666666666666,22.02813669828505,25.700222552076657
Vollstaendig,Ostfriesland,Gleichgewichtung,gelaendehoehendifferenz_m,0.1666666666666666,29.81438239200278,28.203389501860133
Vollstaendig,Ostfriesland,Gleichgewichtung,rauigkeitsdifferenz_rms_m,0.1666666666666666,0.081297376117936,0.033001892509256
Vollstaendig,Ostfriesland,Gleichgewichtung,waldanteilsdifferenz_rms,0.1666666666666666,0.177677210810266,0.0773297630656175
Vollstaendig,Ostfriesland,Gleichgewichtung,winddissimilaritaet_log_rms,0.1666666666666666,0.057660376224326,0.0384949397465473
Vollstaendig,Paderborn,Koeffizientenbetraege,distanz_m,0.0471744832275819,12223.746381938552,9344.122564294268
Vollstaendig,Paderborn,Koeffizientenbetraege,mittlerer_rix_prozent,0.222414881077301,16.513629775657183,25.55338903725034
Vollstaendig,Paderborn,Koeffizientenbetraege,gelaendehoehendifferenz_m,0.236461751004654,21.766472814258893,23.7461765583846
Vollstaendig,Paderborn,Koeffizientenbetraege,rauigkeitsdifferenz_rms_m,0.0479422919690431,0.0751786447984371,0.0284019702701963
Vollstaendig,Paderborn,Koeffizientenbetraege,waldanteilsdifferenz_rms,0.1548998870333635,0.1482719597790202,0.0783211243188402
Vollstaendig,Paderborn,Koeffizientenbetraege,winddissimilaritaet_log_rms,0.2911067056880563,0.0509311425866164,0.0348774003497327
Vollstaendig,Paderborn,Gleichgewichtung,distanz_m,0.1666666666666666,12223.746381938552,9344.122564294268
Vollstaendig,Paderborn,Gleichgewichtung,mittlerer_rix_prozent,0.1666666666666666,16.513629775657183,25.55338903725034
Vollstaendig,Paderborn,Gleichgewichtung,gelaendehoehendifferenz_m,0.1666666666666666,21.766472814258893,23.7461765583846
Vollstaendig,Paderborn,Gleichgewichtung,rauigkeitsdifferenz_rms_m,0.1666666666666666,0.0751786447984371,0.0284019702701963
Vollstaendig,Paderborn,Gleichgewichtung,waldanteilsdifferenz_rms,0.1666666666666666,0.1482719597790202,0.0783211243188402
Vollstaendig,Paderborn,Gleichgewichtung,winddissimilaritaet_log_rms,0.1666666666666666,0.0509311425866164,0.0348774003497327
Vollstaendig,Rheda-Beckum,Koeffizientenbetraege,distanz_m,0.0197018414591813,12646.989506452695,9375.472024440094
Vollstaendig,Rheda-Beckum,Koeffizientenbetraege,mittlerer_rix_prozent,0.2872903562737241,21.520962356216423,26.0865393545763
Vollstaendig,Rheda-Beckum,Koeffizientenbetraege,gelaendehoehendifferenz_m,0.2012656213681373,27.846414126816423,29.47267448443604
Vollstaendig,Rheda-Beckum,Koeffizientenbetraege,rauigkeitsdifferenz_rms_m,0.0143446481447421,0.0863605652443656,0.0306414752268515
Vollstaendig,Rheda-Beckum,Koeffizientenbetraege,waldanteilsdifferenz_rms,0.1353780447636682,0.1679006907142877,0.0880368222431274
Vollstaendig,Rheda-Beckum,Koeffizientenbetraege,winddissimilaritaet_log_rms,0.3420194879905469,0.0570986047617234,0.0383324117106493
Vollstaendig,Rheda-Beckum,Gleichgewichtung,distanz_m,0.1666666666666666,12646.989506452695,9375.472024440094
Vollstaendig,Rheda-Beckum,Gleichgewichtung,mittlerer_rix_prozent,0.1666666666666666,21.520962356216423,26.0865393545763
Vollstaendig,Rheda-Beckum,Gleichgewichtung,gelaendehoehendifferenz_m,0.1666666666666666,27.846414126816423,29.47267448443604
Vollstaendig,Rheda-Beckum,Gleichgewichtung,rauigkeitsdifferenz_rms_m,0.1666666666666666,0.0863605652443656,0.0306414752268515
Vollstaendig,Rheda-Beckum,Gleichgewichtung,waldanteilsdifferenz_rms,0.1666666666666666,0.1679006907142877,0.0880368222431274
Vollstaendig,Rheda-Beckum,Gleichgewichtung,winddissimilaritaet_log_rms,0.1666666666666666,0.0570986047617234,0.0383324117106493
